Item ID,String.object_name,String.object_desc,String.object_classification,String.ent4_jurisdiction_country,String.ip_classification
CA39974-854,"Resistors,47K,5%,200ppm,0.063W,SMD,1206","6-October-2023_CIS_Export : 04 - AIRCRAFT GROUP, TORRANCE / SEATTLE OPERATIONS",CLS-1000457,US,Commercial
CA40016-001,"OBSOLETE,ICs,NCP345,SMD,SOT23-5","6-October-2023_CIS_Export : ",CLS-1000452,US,Commercial
CA40017-001,"OBSOLETE,Transistors,MOSFET,IRF5210L,-40A@Vgs=-10V,Tc=25C(-29A@Vgs=-10V,Tc=100C),TH,TO-262","6-October-2023_CIS_Export : 20 - INTERNATIONAL GROUP, GMBH",CLS-1000461,US,Commercial
CA40093-001,"OBSOLETE,ICs,Converter/Conditioner,AD7686,SMD,MSOP-10","6-October-2023_CIS_Export : 02 - AIRCRAFT GROUP, EAST AURORA OPERATIONS",CLS-1000452,US,Commercial
CA40093-002,"ICs,Converter/Conditioner,AD7686,SMD,MSOP-10","6-October-2023_CIS_Export : 02 - AIRCRAFT GROUP, EAST AURORA OPERATIONS",CLS-1000452,US,Commercial
CA40094-001,"ICs,Digital Device,ADuM2401,SMD,SOIC-16W","6-October-2023_CIS_Export : ",CLS-1000452,US,Commercial
CA40094-002,"ICs,Digital Device,ADuM2400,SMD,SOIC-16W","6-October-2023_CIS_Export : 02 - AIRCRAFT GROUP, EAST AURORA OPERATIONS",CLS-1000452,US,Commercial
CA40094-003,"ICs,Digital Device,ADuM2402,SMD,SOIC-16W","6-October-2023_CIS_Export : 02 - AIRCRAFT GROUP, EAST AURORA OPERATIONS",CLS-1000452,US,Commercial
CA40094-005,"ICs,Digital Device,ADUM2402CRWZ,SMD,SOIC-16W","6-October-2023_CIS_Export : 21 - SYSTEMS GROUP, EAST AURORA OPERATIONS",CLS-1000452,US,Commercial
CA40095-019,"Diodes,Zener/Reference,SMAJ4746A,SMD,DO-214AC(SMAJ)","6-October-2023_CIS_Export : 93 - AIRCRAFT GROUP, INDIA AIRCRAFT OPERATIONS",CLS-1000449,US,Commercial
CA40147-001,"Transistors,IGBT,APT20GF120SRDQ1,1200V,36A@ +25C,200W,SMD,D3-pak","6-October-2023_CIS_Export : 02 - AIRCRAFT GROUP, EAST AURORA OPERATIONS",CLS-1000461,US,Commercial
CA40148-001,"Transistors,IGBT,APTGT150X120E3G,1200V,220A@ +25C (150A @ +80C),700W,TH,E3-Pak","6-October-2023_CIS_Export : 21 - SYSTEMS GROUP, EAST AURORA OPERATIONS",CLS-1000461,US,Commercial
CA40151-001,"Transistors,IGBT,APT100GT120JU2,1200V,140A@+25C(100A@+80C),480W,SMD,SOT-227","6-October-2023_CIS_Export : 21 - SPACE & DEFENSE GROUP, EAST AURORA OPERATIONS",CLS-1000461,US,Commercial
CA40169-001,"Capacitors,0.047uF,1500V,10%,X7R,2225","6-October-2023_CIS_Export : 02 - AIRCRAFT GROUP, EAST AURORA OPERATIONS",CLS-1000446,US,Commercial
CA40169-002,"Capacitors,0.01uF,1000V,10%,X7R,SMD,1210","6-October-2023_CIS_Export : 21 - SPACE & DEFENSE GROUP, EAST AURORA OPERATIONS",CLS-1000446,US,Commercial
CA40169-004,"Capacitors,1000pF,630V,10%,X7R,SMD,1206","6-October-2023_CIS_Export : 04 - AIRCRAFT GROUP, TORRANCE / SEATTLE OPERATIONS",CLS-1000446,US,Commercial
CA40169-005,"Capacitors,0.033uF,630V,10%,X7R,1210","6-October-2023_CIS_Export : ",CLS-1000446,US,Commercial
CA40169-006,"Capacitors,0.1uF,630V,10%,X7R,1812","6-October-2023_CIS_Export : ",CLS-1000446,US,Commercial
CA40169-007,"Capacitors,0.1uF,1000V,10%,X7R,1825","6-October-2023_CIS_Export : 02 - AIRCRAFT GROUP, EAST AURORA OPERATIONS",CLS-1000446,US,Commercial
CA40169-008,"Capacitors,330pF,3000V,10%,C0G,1812","6-October-2023_CIS_Export : ",CLS-1000446,US,Commercial
CA40169-009,"Capacitors,1000pF,2500V,5%,C0G,1825","6-October-2023_CIS_Export : ",CLS-1000446,US,Commercial
CA40169-010,"Capacitors,220pF,3000V,10%,C0G,SMD,1825","6-October-2023_CIS_Export : 05 - MOOG AG MITC, BANGALORE",CLS-1000446,US,Commercial
CA40169-013,"Capacitors,470pF,1000V,10%,C0G,1812","6-October-2023_CIS_Export : ",CLS-1000446,US,Commercial
CA40169-014,"Capacitors,0.047uF,1000V,10%,X7R,SMD,1812","6-October-2023_CIS_Export : 04 - AIRCRAFT GROUP, TORRANCE / SEATTLE OPERATIONS",CLS-1000446,US,Commercial
CA40169-016,"Capacitors,1000pF,1000V,10%,X7R,SMD,1206","6-October-2023_CIS_Export : 04 - AIRCRAFT GROUP, TORRANCE / SEATTLE OPERATIONS",CLS-1000446,US,Commercial
CA40169-017,"Capacitors,100pF,1000V,5%,X7R,2220","6-October-2023_CIS_Export : 04 - AIRCRAFT GROUP, TORRANCE / SEATTLE OPERATIONS",CLS-1000446,US,Commercial
CA40169-018,"Capacitors,0.1uF,1000V,10%,X7R,SMD,2225","6-October-2023_CIS_Export : 21 - SPACE & DEFENSE GROUP, EAST AURORA OPERATIONS",CLS-1000446,US,Commercial
CA40169-019,"Capacitors,33pF,2000V,10%,C0G,SMD,1206","6-October-2023_CIS_Export : 04 - AIRCRAFT GROUP, TORRANCE / SEATTLE OPERATIONS",CLS-1000446,US,Commercial
CA40169-020,"Capacitors,100pF,1500V,10%,C0G,1206","6-October-2023_CIS_Export : 04 - AIRCRAFT GROUP, TORRANCE / SEATTLE OPERATIONS",CLS-1000446,US,Commercial
CA40169-023,"Capacitors,100pF,1000V,5%,C0G,SMD,1206","6-October-2023_CIS_Export : 05 - MOOG AG MITC, BANGALORE",CLS-1000446,US,Commercial
CA40169-024,"Capacitors,150pF,1000V,10%,C0G,SMD,1812","6-October-2023_CIS_Export : 04 - AIRCRAFT GROUP, TORRANCE / SEATTLE OPERATIONS",CLS-1000446,US,Commercial
CA40169-025,"Capacitors,180pF,1000V,10%,C0G,SMD,1812","6-October-2023_CIS_Export : 04 - AIRCRAFT GROUP, TORRANCE / SEATTLE OPERATIONS",CLS-1000446,US,Commercial
CA40169-026,"Capacitors,220pF,1000V,10%,C0G,SMD,1812","6-October-2023_CIS_Export : 04 - AIRCRAFT GROUP, TORRANCE / SEATTLE OPERATIONS",CLS-1000446,US,Commercial
CA40169-027,"Capacitors,270pF,1000V,10%,C0G,SMD,1812","6-October-2023_CIS_Export : 04 - AIRCRAFT GROUP, TORRANCE / SEATTLE OPERATIONS",CLS-1000446,US,Commercial
CA40169-028,"Capacitors,330pF,1000V,10%,C0G,SMD,1812","6-October-2023_CIS_Export : 04 - AIRCRAFT GROUP, TORRANCE / SEATTLE OPERATIONS",CLS-1000446,US,Commercial
CA40169-029,"Capacitors,390pF,1000V,10%,C0G,SMD,1812","6-October-2023_CIS_Export : 04 - AIRCRAFT GROUP, TORRANCE / SEATTLE OPERATIONS",CLS-1000446,US,Commercial
CA40169-030,"Capacitors,560pF,1000V,10%,C0G,SMD,1812","6-October-2023_CIS_Export : 04 - AIRCRAFT GROUP, TORRANCE / SEATTLE OPERATIONS",CLS-1000446,US,Commercial
CA40169-031,"Capacitors,1200pF,1000V,10%,X7R,SMD,1206","6-October-2023_CIS_Export : 04 - AIRCRAFT GROUP, TORRANCE / SEATTLE OPERATIONS",CLS-1000446,US,Commercial
CA40169-032,"Capacitors,1500pF,1000V,10%,X7R,SMD,1206","6-October-2023_CIS_Export : 04 - AIRCRAFT GROUP, TORRANCE / SEATTLE OPERATIONS",CLS-1000446,US,Commercial
CA40169-033,"Capacitors,1800pF,1000V,10%,X7R,SMD,1206","6-October-2023_CIS_Export : 04 - AIRCRAFT GROUP, TORRANCE / SEATTLE OPERATIONS",CLS-1000446,US,Commercial
CA40169-034,"Capacitors,2700pF,1000V,10%,X7R,SMD,1206","6-October-2023_CIS_Export : 04 - AIRCRAFT GROUP, TORRANCE / SEATTLE OPERATIONS",CLS-1000446,US,Commercial
CA40169-035,"Capacitors,3300pF,630V,5%,C0G,SMD,1206","6-October-2023_CIS_Export : 04 - AIRCRAFT GROUP, TORRANCE / SEATTLE OPERATIONS",CLS-1000446,US,Commercial
CA40169-036,"Capacitors,100pF,630V,5%,C0G,SMD,1206","6-October-2023_CIS_Export : 02 - AIRCRAFT GROUP, EAST AURORA OPERATIONS",CLS-1000446,US,Commercial
CA40169-037,"Capacitors,1000pF,630V,5%,C0G,SMD,1206","6-October-2023_CIS_Export : 02 - AIRCRAFT GROUP, EAST AURORA OPERATIONS",CLS-1000446,US,Commercial
CA40169-038,"Capacitors,0.1uF,630V,10%,X7R,SMD,2220","6-October-2023_CIS_Export : 21 - SPACE & DEFENSE GROUP, EAST AURORA OPERATIONS",CLS-1000446,US,Commercial
CA40169-039,"Capacitors,0.01uF,1000V,10%,X7R,SMD,1812","6-October-2023_CIS_Export : 04 - AIRCRAFT GROUP, TORRANCE / SEATTLE OPERATIONS",CLS-1000446,US,Commercial
CA40169-102,"Capacitors,1.0uF,250V,20%,X7R,2020","6-October-2023_CIS_Export : 04 - AIRCRAFT GROUP, TORRANCE / SEATTLE OPERATIONS",CLS-1000446,US,Commercial
CA40169-103,"Capacitors,1.5uF,100V,20%,X7R,SMD,2020","6-October-2023_CIS_Export : 04 - AIRCRAFT GROUP, TORRANCE / SEATTLE OPERATIONS",CLS-1000446,US,Commercial
CA40169-104,"Capacitors,1.2uF,200V,20%,X7R,SMD,2020","6-October-2023_CIS_Export : 04 - AIRCRAFT GROUP, TORRANCE / SEATTLE OPERATIONS",CLS-1000446,US,Commercial
CA40291-001,"GmBH ONLY,Diodes,Zener/Reference,5914,20A,SMD,SMA","6-October-2023_CIS_Export : 20 - INTERNATIONAL GROUP, GMBH",CLS-1000449,US,Commercial
CA40355-001,"Capacitors,4.7uF,50V,10%,X7R,1210","6-October-2023_CIS_Export : ",CLS-1000446,US,Commercial
CA40355-002,"Capacitors,1.0uF,50V,10%,X7R,1210","6-October-2023_CIS_Export : ",CLS-1000446,US,Commercial
CA40355-101,"Capacitors,22uF,25V,20%,X7R,1812","6-October-2023_CIS_Export : ",CLS-1000446,US,Commercial
CA40355-102,"Capacitors,1.0uF,50V,10%,X7R,1206","6-October-2023_CIS_Export : ",CLS-1000446,US,Commercial
CA40355-103,"Capacitors,2.2uF,50V,10%,X7R,1210","6-October-2023_CIS_Export : ",CLS-1000446,US,Commercial
CA40355-104,"Capacitors,10uF,25V,10%,X7R,1210","6-October-2023_CIS_Export : ",CLS-1000446,US,Commercial
CA40355-106,"Capacitors,22uF,25V,20%,X7R,5750","6-October-2023_CIS_Export : ",CLS-1000446,US,Commercial
CA40355-107,"Capacitors,10uF,50V,20%,X7R,5750","6-October-2023_CIS_Export : ",CLS-1000446,US,Commercial
CA40355-109,"Capacitors,22uF,16V,10%,X7R,1210","6-October-2023_CIS_Export : ",CLS-1000446,US,Commercial
CA40355-110,"Capacitors,0.1uF,100V,5%,C0G,1812","6-October-2023_CIS_Export : ",CLS-1000446,US,Commercial
CA40355-111,"Capacitors,0.022uF,100V,5%,C0G,1210","6-October-2023_CIS_Export : ",CLS-1000446,US,Commercial
CA40356-001,"OBSOLETE,Diodes,Rectifier,MURA160T3,2A@+110C,SMD,SMA","6-October-2023_CIS_Export : 21 - SYSTEMS GROUP, EAST AURORA OPERATIONS",CLS-1000449,US,Commercial
CA40357-001,"OBSOLETE,Transistors,MOSFET,IRFR110,4.3A@25C,2.5W@TA=25C,SMD,TO-252AA","6-October-2023_CIS_Export : 02 - AIRCRAFT GROUP, EAST AURORA OPERATIONS",CLS-1000461,US,Commercial
CA40358-001,"Resistors,0.01,1%,40ppm,1W,SMD","6-October-2023_CIS_Export : ",CLS-1000457,US,Commercial
CA40358-002,"Resistors,0.05,1%,40ppm,1W,SMD","6-October-2023_CIS_Export : ",CLS-1000457,US,Commercial
CA40358-007,"Resistors,0.015,1%,40 ppm/DegC,2W,SMD","6-October-2023_CIS_Export : 04 - AIRCRAFT GROUP, TORRANCE / SEATTLE OPERATIONS",CLS-1000457,US,Commercial
CA40382-004,"OBSOLETE,Diodes,Zener/Reference,MMSZ3V3,0.005A,SMD,SOD-123","6-October-2023_CIS_Export : ",CLS-1000449,US,Commercial
CA40382-009,"OBSOLETE,Diodes,Zener/Reference,MMSZ5V1,0.005A,SMD,SOD-123","6-October-2023_CIS_Export : 99 - DESIGN AUTHORITY (PURCH PARTS) I.E. NAS, MS ETC.",CLS-1000449,US,Commercial
CA40382-010,"OBSOLETE,Diodes,Zener/Reference,MMSZ5V6T1,0.005A,SMD,SOD-123","6-October-2023_CIS_Export : 99 - DESIGN AUTHORITY (PURCH PARTS) I.E. NAS, MS ETC.",CLS-1000449,US,Commercial
CA40382-011,"OBSOLETE,Diodes,Zener/Reference,MMSZ6V2T1,0.005A,SMD,SOD-123","6-October-2023_CIS_Export : 02 - AIRCRAFT GROUP, EAST AURORA OPERATIONS",CLS-1000449,US,Commercial
CA40382-016,"OBSOLETE,Diodes,Zener/Reference,MMSZ10T1,0.005A,SMD,SOD-123","6-October-2023_CIS_Export : ",CLS-1000449,US,Commercial
CA40382-017,"OBSOLETE,Diodes,Zener/Reference,MMSZ11,0.005A,SMD,SOD-123","6-October-2023_CIS_Export : 99 - DESIGN AUTHORITY (PURCH PARTS) I.E. NAS, MS ETC.",CLS-1000449,US,Commercial
CA40382-018,"OBSOLETE,Diodes,Zener/Reference,MMSZ12T1,0.005A,SMD,SOD-123","6-October-2023_CIS_Export : ",CLS-1000449,US,Commercial
CA40382-019,"OBSOLETE,Diodes,Zener/Reference,MMSZ13T1,0.005A,SMD,SOD-123","6-October-2023_CIS_Export : 02 - AIRCRAFT GROUP, EAST AURORA OPERATIONS",CLS-1000449,US,Commercial
CA40382-107,"Diodes,Zener/Reference,MMSZ4V3T1G,0.005A,SMD,SOD-123","6-October-2023_CIS_Export : 21 - SPACE & DEFENSE GROUP, EAST AURORA OPERATIONS",CLS-1000449,US,Commercial
CA40382-108,"Diodes,Zener/Reference,MMSZ4V7T1G,0.005A,SMD,SOD-123","6-October-2023_CIS_Export : 04 - AIRCRAFT GROUP, TORRANCE / SEATTLE OPERATIONS",CLS-1000449,US,Commercial
CA40382-111,"Diodes,Zener/Reference,MMSZ6V2T1G,0.005A,SMD,SOD-123","6-October-2023_CIS_Export : 02 - AIRCRAFT GROUP, EAST AURORA OPERATIONS",CLS-1000449,US,Commercial
CA40382-116,"Diodes,Zener/Reference,MMSZ10T1G,0.005A,SMD,SOD-123","6-October-2023_CIS_Export : 02 - AIRCRAFT GROUP, EAST AURORA OPERATIONS",CLS-1000449,US,Commercial
CA40382-118,"Diodes,Zener/Reference,MMSZ12T1G,0.005A,SMD,SOD-123","6-October-2023_CIS_Export : 02 - AIRCRAFT GROUP, EAST AURORA OPERATIONS",CLS-1000449,US,Commercial
CA40382-119,"Diodes,Zener/Reference,MMSZ13T1G,0.005A,SMD,SOD-123","6-October-2023_CIS_Export : 04 - AIRCRAFT GROUP, TORRANCE / SEATTLE OPERATIONS",CLS-1000449,US,Commercial
CA40382-122,"Diodes,Zener/Reference,MMSZ18T1G,0.005A,SMD,SOD-123","6-October-2023_CIS_Export : 04 - AIRCRAFT GROUP, TORRANCE / SEATTLE OPERATIONS",CLS-1000449,US,Commercial
CA40385-001,"OBSOLETE,Transistors,MOSFET,IRLML6402,-20V,-3.7A @ Vgs=-4.5V, +25C (-2.2A @ Vgs=-4.5V, +70C),1.3W @25C (0.8W @70C),SMD,SOT-23","6-October-2023_CIS_Export : 21 - SYSTEMS GROUP, EAST AURORA OPERATIONS",CLS-1000461,US,Commercial
CA40385-101,"Transistors,MOSFET,IRLML6402,-20V,-3.7A@Vgs=-4.5V,1.3W@25C(0.8W@70C),SMD,SOT-23","6-October-2023_CIS_Export : 24 - SPACE & DEFENSE GROUP, QUICKSET",CLS-1000461,US,Commercial
CA40392-001,"OBSOLETE,Diodes,Schottky,BAS40-04LT1,0.12A,SMD,SOT23-3","6-October-2023_CIS_Export : ",CLS-1000449,US,Commercial
CA40392-101,"Diodes,Schottky,BAS40-04,0.12A,SMD,SOT23-3","6-October-2023_CIS_Export : ",CLS-1000449,US,Commercial
CA40393-001,"Ferrite Bead,FT-3AMB4ARLY-PF,Axial,Custom","6-October-2023_CIS_Export : 21 - SYSTEMS GROUP, EAST AURORA OPERATIONS",CLS-1000453,US,Commercial
CA40395-001,"Transistors,MOSFET,P-Channel,BSS84,-50V,-0.13A,0.36W,SMD,SOT-23","6-October-2023_CIS_Export : ",CLS-1000461,US,Commercial
CA40396-001,"Optocouplers,HCPL-J312,SMD,SO-8","6-October-2023_CIS_Export : 02 - AIRCRAFT GROUP, EAST AURORA OPERATIONS",CLS-1000455,US,Commercial
CA40396-002,"Optocouplers,HCPL-J312,SMD,SO-8","6-October-2023_CIS_Export : 21 - SYSTEMS GROUP, EAST AURORA OPERATIONS",CLS-1000455,US,Commercial
CA40396-005,"Optocouplers,HCPL-J312#500,SMD,DIP-8","6-October-2023_CIS_Export : 02 - AIRCRAFT GROUP, EAST AURORA OPERATIONS",CLS-1000455,US,Commercial
CA40396-006,"Optocouplers,HCPL-J312-500E,SMD,DIP-8","6-October-2023_CIS_Export : 02 - AIRCRAFT GROUP, EAST AURORA OPERATIONS",CLS-1000455,US,Commercial
CA40396-007,"Optocouplers,HCNW3120#500,SMD,DIP-8","6-October-2023_CIS_Export : 02 - AIRCRAFT GROUP, EAST AURORA OPERATIONS",CLS-1000455,US,Commercial
CA40396-008,"Optocouplers,HCNW3120-500E,SMD,DIP-8","6-October-2023_CIS_Export : 02 - AIRCRAFT GROUP, EAST AURORA OPERATIONS",CLS-1000455,US,Commercial
CA40397-001,"Resistors,0.005,1%,40ppm,5W,SMD","6-October-2023_CIS_Export : 21 - SPACE & DEFENSE GROUP, EAST AURORA OPERATIONS",CLS-1000457,US,Commercial
CA40397-004,"Resistors,0.002,1%,40ppm,5W,SMD","6-October-2023_CIS_Export : 21 - SPACE & DEFENSE GROUP, EAST AURORA OPERATIONS",CLS-1000457,US,Commercial
CA40397-005,"Resistors,0.010,1%,40ppm,5W,SMD","6-October-2023_CIS_Export : 21 - SPACE & DEFENSE GROUP, EAST AURORA OPERATIONS",CLS-1000457,US,Commercial
CA40397-101,"Resistors,0.005,1%,40ppm,5W,SMD","6-October-2023_CIS_Export : 21 - SPACE & DEFENSE GROUP, EAST AURORA OPERATIONS",CLS-1000457,US,Commercial
CA40397-103,"Resistors,0.025,1%,40ppm,5W,SMD","6-October-2023_CIS_Export : 21 - SPACE & DEFENSE GROUP, EAST AURORA OPERATIONS",CLS-1000457,US,Commercial
CA40397-104,"Resistors,0.002,1%,40ppm,5W,SMD","6-October-2023_CIS_Export : 21 - SPACE & DEFENSE GROUP, EAST AURORA OPERATIONS",CLS-1000457,US,Commercial
CA40397-105,"Resistors,0.010,1%,40ppm,5W,SMD","6-October-2023_CIS_Export : 21 - SPACE & DEFENSE GROUP, EAST AURORA OPERATIONS",CLS-1000457,US,Commercial
CA40537-001,"ICs,Digital Device,CD74HCT221,SMD,SOIC","6-October-2023_CIS_Export : ",CLS-1000452,US,Commercial
CA40538-001,"OBSOLETE,ICs,MAX809L,SMD,SOT23-3","6-October-2023_CIS_Export : ",CLS-1000452,US,Commercial
CA40539-001,"ICs,Digital Device,74HCT02,SMD,SOIC-14","6-October-2023_CIS_Export : ",CLS-1000452,US,Commercial
CA40541-020,"OBSOLETE,Fuses,RXE020,0.2A@20C,72V,0.290x0.120 IN,TH-Radial","6-October-2023_CIS_Export : ",CLS-1000451,US,Commercial
CA40563-001,"ICs,Comparator,Window,CMOS,LTC1042,TH,DIP-8","6-October-2023_CIS_Export : ",CLS-1000452,US,Commercial
CA40563-002,"OBSOLETE,ICs,Comparator,LTC1042,TH,CERDIP","6-October-2023_CIS_Export : ",CLS-1000452,US,Commercial
CA40567-001,"ICs,Memory Device,25LC256,SMD,SOIC-8","6-October-2023_CIS_Export : 02 - AIRCRAFT GROUP, EAST AURORA OPERATIONS",CLS-1000452,US,Commercial
CA40568-001,"ICs,Op Amp,OPA2301,SMD,SOIC","6-October-2023_CIS_Export : ",CLS-1000452,US,Commercial
CA40569-002,"Inductor,1.2uH,1.0A,10%,SMD,1812","6-October-2023_CIS_Export : 02 - AIRCRAFT GROUP, EAST AURORA OPERATIONS",CLS-1000453,US,Commercial
CA40569-011,"Inductor,6.8uH,0.60A,10%,SMD,P1812","6-October-2023_CIS_Export : 02 - AIRCRAFT GROUP, EAST AURORA OPERATIONS",CLS-1000453,US,Commercial
CA40569-013,"Inductor,10uH,0.550A,10%,SMD,1812","6-October-2023_CIS_Export : 02 - AIRCRAFT GROUP, EAST AURORA OPERATIONS",CLS-1000453,US,Commercial
CA40569-102,"Inductor,1.2uH,1A,10%,SMD","6-October-2023_CIS_Export : 02 - AIRCRAFT GROUP, EAST AURORA OPERATIONS",CLS-1000453,US,Commercial
CA40569-119,"Inductor,33uH,0.30A,10%,SMD,1812","6-October-2023_CIS_Export : 21 - SPACE & DEFENSE GROUP, EAST AURORA OPERATIONS",CLS-1000453,US,Commercial
CA40570-001,"ICs,Op Amp,TLC082,SMD,MSOP-8","6-October-2023_CIS_Export : ",CLS-1000452,US,Commercial
CA40570-002,"ICs,Op Amp,TLC084AIPWP,SMD,HTSSOP","6-October-2023_CIS_Export : ",CLS-1000452,US,Commercial
CA40570-003,"ICs,Op Amp,TLC082,SMD,SOIC-8","6-October-2023_CIS_Export : 21 - SPACE & DEFENSE GROUP, EAST AURORA OPERATIONS",CLS-1000452,US,Commercial
CA40571-001,"ICs,Reference and Regulator,TPS54312,SMD,HTSSOP-20","6-October-2023_CIS_Export : ",CLS-1000452,US,Commercial
CA40571-002,"ICs,Reference and Regulator,TPS54315,SMD,HTSSOP-20","6-October-2023_CIS_Export : ",CLS-1000452,US,Commercial
CA40571-003,"ICs,Reference and Regulator,TPS54314,SMD,HTSSOP-20","6-October-2023_CIS_Export : ",CLS-1000452,US,Commercial
CA40571-004,"ICs,Reference and Regulator,TPS54316,SMD,HTSSOP-20","6-October-2023_CIS_Export : 02 - AIRCRAFT GROUP, EAST AURORA OPERATIONS",CLS-1000452,US,Commercial
CA40572-001,"ICs,Reference and Regulator,TPS73233DBVT,SOT-23","6-October-2023_CIS_Export : 21 - SPACE & DEFENSE GROUP, EAST AURORA OPERATIONS",CLS-1000452,US,Commercial
CA40572-002,"ICs,Reference and Regulator,TPS73233,SMD,SOT-223-6","6-October-2023_CIS_Export : ",CLS-1000452,US,Commercial
CA40573-101,"ICs,Reference and Regulator,UA78M05IDCYG3,SMD,SOT223-4","6-October-2023_CIS_Export : 21 - SPACE & DEFENSE GROUP, EAST AURORA OPERATIONS",CLS-1000452,US,Commercial
CA40575-003,"ICs,Programmable Logic Device,XC3S1500-4FG456I,SMD,FBGA","6-October-2023_CIS_Export : ",CLS-1000452,US,Commercial
CA40575-005,"ICs,Programmable Logic Device,XC3S2000-4FG456I,SMD,FBGA","6-October-2023_CIS_Export : 02 - AIRCRAFT GROUP, EAST AURORA OPERATIONS",CLS-1000452,US,Commercial
CA40672-001,"Transistors,BJT,FZT653,120V,2A,2W@Ta=25C,SMD,SOT223-4","6-October-2023_CIS_Export : 02 - AIRCRAFT GROUP, EAST AURORA OPERATIONS",CLS-1000461,US,Commercial
CA40673-001,"Transistors,MOSFET,NDS9407,-60V,-3.0A,2.5W,SMD,SOIC-8","6-October-2023_CIS_Export : 21 - SYSTEMS GROUP, EAST AURORA OPERATIONS",CLS-1000461,US,Commercial
CA40674-001,"Transistors,BJT,FZT753,-100V,-2A,2W@Ta=25C,SMD,SOT223-4","6-October-2023_CIS_Export : 04 - AIRCRAFT GROUP, TORRANCE / SEATTLE OPERATIONS",CLS-1000461,US,Commercial
CA40675-001,"Transistors,MOSFET,NDT3055,60V,4A,3W,SMD,SOT223-4","6-October-2023_CIS_Export : 21 - SYSTEMS GROUP, EAST AURORA OPERATIONS",CLS-1000461,US,Commercial
CA40676-001,"Transistors,IGBT,APT25GP120BDQ1,1200V,69A @ +25C (33A @ +110C),417W,TH,TO-247","6-October-2023_CIS_Export : 21 - SYSTEMS GROUP, EAST AURORA OPERATIONS",CLS-1000461,US,Commercial
CA40676-002,"Transistors,IGBT,APT25GP120BDQ1G,1200V,69A @ +25C (33A @ +110C),417W,TH,TO-247","6-October-2023_CIS_Export : 21 - SYSTEMS GROUP, EAST AURORA OPERATIONS",CLS-1000461,US,Commercial
CA40677-001,"OBSOLETE,Transistors,BJT,MMBT4403,-40V,-0.6A,0.3W@Ta=25C,SMD,SOT-23-3","6-October-2023_CIS_Export : 21 - SYSTEMS GROUP, EAST AURORA OPERATIONS",CLS-1000461,US,Commercial
CA40677-002,"Transistors,BJT,MMBT4403,-40V,-0.6A,0.3W@Ta=25C,SMD,SOT-23-3","6-October-2023_CIS_Export : 21 - SYSTEMS GROUP, EAST AURORA OPERATIONS",CLS-1000461,US,Commercial
CA40678-002,"ICs,Op Amp,AD633A,SMD,SOIC-8","6-October-2023_CIS_Export : 04 - AIRCRAFT GROUP, TORRANCE / SEATTLE OPERATIONS",CLS-1000452,US,Commercial
CA40709-002,"Capacitors,60uF,800V,10%,TH","6-October-2023_CIS_Export : 21 - SPACE & DEFENSE GROUP, EAST AURORA OPERATIONS",CLS-1000446,US,Commercial
CA40709-003,"Capacitors,38uF,800V,10%,TH","6-October-2023_CIS_Export : 02 - AIRCRAFT GROUP, EAST AURORA OPERATIONS",CLS-1000446,US,Commercial
CA40709-004,"Capacitors,210uF,300V,10%,TH","6-October-2023_CIS_Export : 02 - AIRCRAFT GROUP, EAST AURORA OPERATIONS",CLS-1000446,US,Commercial
CA40709-005,"Capacitors,100uF,800V,10%,TH","6-October-2023_CIS_Export : 02 - AIRCRAFT GROUP, EAST AURORA OPERATIONS",CLS-1000446,US,Commercial
CA40709-006,"Capacitors,280uF,800V,10%,TH","6-October-2023_CIS_Export : 02 - AIRCRAFT GROUP, EAST AURORA OPERATIONS",CLS-1000446,US,Commercial
CA40829-001,"OBSOLETE,Diodes,Schottky,43CTQ100S,40A@+135C,SMD,D2-pak","6-October-2023_CIS_Export : 21 - SYSTEMS GROUP, EAST AURORA OPERATIONS",CLS-1000449,US,Commercial
CA40829-002,"Diodes,Schottky,VS-43CTQ100SPbF,40A@+135C,SMD,D2-pak","6-October-2023_CIS_Export : 21 - SYSTEMS GROUP, EAST AURORA OPERATIONS",CLS-1000449,US,Commercial
CA40831-001,"OBSOLETE,Diodes,Schottky,12CWQ10FN,12A,SMD,TO-252AA(D-PAK)","6-October-2023_CIS_Export : 21 - SYSTEMS GROUP, EAST AURORA OPERATIONS",CLS-1000449,US,Commercial
CA40831-002,"Diodes,Schottky,12CWQ10FNPBF,12A,SMD,TO-252AA(D-PAK)","6-October-2023_CIS_Export : 21 - SYSTEMS GROUP, EAST AURORA OPERATIONS",CLS-1000449,US,Commercial
CA40832-003,"Diodes,VS-HFA08PB120PbF,8A,TH,TO-247AC","6-October-2023_CIS_Export : 21 - SPACE & DEFENSE GROUP, EAST AURORA OPERATIONS",CLS-1000449,US,Commercial
CA40833-001,"OBSOLETE,Transistors,MOSFET,IRFS4410,96A@+25C(68A@+100C),250W@25C,SMD,D2-pak","6-October-2023_CIS_Export : 21 - SYSTEMS GROUP, EAST AURORA OPERATIONS",CLS-1000461,US,Commercial
CA40833-002,"Transistors,MOSFET,IRFS4410PbF,96A@+25C(68A@+100C),250W@25C,SMD,D2-pak","6-October-2023_CIS_Export : 21 - SYSTEMS GROUP, EAST AURORA OPERATIONS",CLS-1000461,US,Commercial
CA40834-001,"OBSOLETE,Transistors,IGBT,IRGP30B120KD-E,300W@25C,TH,TO-247AD","6-October-2023_CIS_Export : 21 - SYSTEMS GROUP, EAST AURORA OPERATIONS",CLS-1000461,US,Commercial
CA40834-002,"OBSOLETE,Transistors,IGBT,IRGP30B120KD-EP,1200V,60A@+25C(30@+100C),300W@25C,TH,TO-247AD","6-October-2023_CIS_Export : 21 - SYSTEMS GROUP, EAST AURORA OPERATIONS",CLS-1000461,US,Commercial
CA40835-001,"Transistors,IGBT,IXGH6N170A,6A@25C(3A@90C),TH,TO-247AD","6-October-2023_CIS_Export : 21 - SYSTEMS GROUP, EAST AURORA OPERATIONS",CLS-1000461,US,Commercial
CA40835-002,"Transistors,IGBT,IXGT6N170A,1700V,6A@25C(3A@90C),SMD,TO-268","6-October-2023_CIS_Export : 92 - CORPORATE GROUP, IRELAND",CLS-1000461,US,Commercial
CA40836-001,"Optocouplers,HCPL-181-00AE,SMD,MINI-FLAT","6-October-2023_CIS_Export : 02 - AIRCRAFT GROUP, EAST AURORA OPERATIONS",CLS-1000455,US,Commercial
CA40836-002,"Optocouplers,HCPL-181-00BE,SMD,MINI-FLAT","6-October-2023_CIS_Export : 02 - AIRCRAFT GROUP, EAST AURORA OPERATIONS",CLS-1000455,US,Commercial
CA40836-003,"Optocouplers,HCPL-181-00CE,SMD,MINI-FLAT","6-October-2023_CIS_Export : 02 - AIRCRAFT GROUP, EAST AURORA OPERATIONS",CLS-1000455,US,Commercial
CA41003-001,"OBSOLETE,ICs,TLE2426-Q1,SMD,SOIC-8","6-October-2023_CIS_Export : ",CLS-1000452,US,Commercial
CA41029-001,"Miscellaneous Devices,Directional Coupler,20dB,SMD","6-October-2023_CIS_Export : 06 - AIRCRAFT GROUP, SALT LAKE / WICHITA OPERATIONS",CLS-1000454,US,Commercial
CA41029-002,"Miscellaneous Devices,10dB,200W,SMD","6-October-2023_CIS_Export : 06 - AIRCRAFT GROUP, SALT LAKE / WICHITA OPERATIONS",CLS-1000454,US,Commercial
CA41470-001,"OBSOLETE,ICs,Digital Device,74HC08,TH,DIP-14","6-October-2023_CIS_Export : 20 - INTERNATIONAL GROUP, GMBH",CLS-1000452,US,Commercial
CA41470-002,"ICs,Digital Device,CD74HCT08M,SMD,SOIC-14","6-October-2023_CIS_Export : 05 - MOOG AG MITC, BANGALORE",CLS-1000452,US,Commercial
CA41472-001,"OBSOLETE,ICs,Digital Device,74HC393,TH,DIP-14","6-October-2023_CIS_Export : 20 - INTERNATIONAL GROUP, GMBH",CLS-1000452,US,Commercial
CA41473-001,"OBSOLETE,ICs,Digital Device,74HC574,TH,DIP-20","6-October-2023_CIS_Export : ",CLS-1000452,US,Commercial
CA41474-001,"NO DWG,ICs,Digital Device,CD74HCT00,TH,PDIP-14","6-October-2023_CIS_Export : 20 - INTERNATIONAL GROUP, GMBH",CLS-1000452,US,Commercial
CA41516-001,"ICs,Converter/Conditioner,DVPL0505S,TH","6-October-2023_CIS_Export : 02 - AIRCRAFT GROUP, EAST AURORA OPERATIONS",CLS-1000452,US,Commercial
CA41539-001,"NO DWG,Diodes,Zener/Reference,BZV55B7V5,SMD,SOD-80C","6-October-2023_CIS_Export : 20 - INTERNATIONAL GROUP, GMBH",CLS-1000449,US,Commercial
CA41565-001,"ICs,Line Driver,AM26C31,SMD,SOIC-16","6-October-2023_CIS_Export : 06 - AIRCRAFT GROUP, SALT LAKE / WICHITA OPERATIONS",CLS-1000452,US,Commercial
CA41565-002,"ICs,Line Driver,AM26C31,SMD,SOIC-16","6-October-2023_CIS_Export : 06 - AIRCRAFT GROUP, SALT LAKE / WICHITA OPERATIONS",CLS-1000452,US,Commercial
CA41594-001,"ICs,Line Transceiver,SN65LBC176,TH,DIP-8","6-October-2023_CIS_Export : 20 - INTERNATIONAL GROUP, GMBH",CLS-1000452,US,Commercial
CA41730-001,"ICs,Reference and Regulator,LM2592HV,SMD,TO263-5","6-October-2023_CIS_Export : ",CLS-1000452,US,Commercial
CA41730-003,"ICs,Reference and Regulator,LM2592HV,SMD,TO263-5","6-October-2023_CIS_Export : 02 - AIRCRAFT GROUP, EAST AURORA OPERATIONS",CLS-1000452,US,Commercial
CA41730-101,"ICs,Reference and Regulator,LM2592HV,SMD,TO263-5","6-October-2023_CIS_Export : 21 - SPACE & DEFENSE GROUP, EAST AURORA OPERATIONS",CLS-1000452,US,Commercial
CA41730-103,"ICs,Reference and Regulator,LM2592HVS-ADJ,SMD,TO263-5","6-October-2023_CIS_Export : 21 - SPACE & DEFENSE GROUP, EAST AURORA OPERATIONS",CLS-1000452,US,Commercial
CA41731-001,"ICs,Reference and Regulator,TPS70102,SMD,HTSSOP-20","6-October-2023_CIS_Export : ",CLS-1000452,US,Commercial
CA41732-001,"OBSOLETE,ICs,Reference and Regulator,MIC49300,SMD,S-Pak","6-October-2023_CIS_Export : ",CLS-1000452,US,Commercial
CA41747-001,"ICs,TPS3808G12,SMD,SOT-23","6-October-2023_CIS_Export : ",CLS-1000452,US,Commercial
CA41747-002,"ICs,TPS3808G33,SMD,SOT-23","6-October-2023_CIS_Export : ",CLS-1000452,US,Commercial
CA41747-003,"ICs,TPS3808G19,SMD,SOT-23","6-October-2023_CIS_Export : 02 - AIRCRAFT GROUP, EAST AURORA OPERATIONS",CLS-1000452,US,Commercial
CA41747-004,"ICs,TPS3808G15,SMD,SOT23-6","6-October-2023_CIS_Export : 02 - AIRCRAFT GROUP, EAST AURORA OPERATIONS",CLS-1000452,US,Commercial
CA41748-001,"OBSOLETE,Transistors,MOSFET,IRF6668,80V,55A @ Vgs=10V, +25C (44A @ +70C, Vgs=10V),SMD,Custom","6-October-2023_CIS_Export : ",CLS-1000461,US,Commercial
CA41760-001,"ICs,Digital Device,SN74AC04,SMD,TSSOP-14","6-October-2023_CIS_Export : ",CLS-1000452,US,Commercial
CA41761-001,"Connectors,Socket,0.0787 IN,TH,100","6-October-2023_CIS_Export : 02 - AIRCRAFT GROUP, EAST AURORA OPERATIONS",CLS-1000447,US,Commercial
CA41840-001,"Sensors,Electrical Part,TMP121,SMD,SOT-23-6","6-October-2023_CIS_Export : ",CLS-1000755,US,Commercial
CA41896-004,"Miscellaneous Devices,SMTSO-440-4ES,TH","6-October-2023_CIS_Export : 02 - AIRCRAFT GROUP, EAST AURORA OPERATIONS",CLS-1000454,US,Commercial
CA41896-005,"Miscellaneous Devices,SMTSO-440-4ES,TH","6-October-2023_CIS_Export : 02 - AIRCRAFT GROUP, EAST AURORA OPERATIONS",CLS-1000454,US,Commercial
CA41896-006,"Miscellaneous Devices,SMTSO-440-12ES,TH","6-October-2023_CIS_Export : 02 - AIRCRAFT GROUP, EAST AURORA OPERATIONS",CLS-1000454,US,Commercial
CA41896-007,"Miscellaneous Devices,SMTSO-632-4ES,TH","6-October-2023_CIS_Export : ",CLS-1000454,US,Commercial
CA41896-011,"Miscellaneous Devices,SMTSO-440-8ET,TH","6-October-2023_CIS_Export : 21 - SPACE & DEFENSE GROUP, EAST AURORA OPERATIONS",CLS-1000454,US,Commercial
CA41896-017,"Miscellaneous Devices,SMTSO-440-2-ES,TH,TH","6-October-2023_CIS_Export : ",CLS-1000454,US,Commercial
CA41896-018,"Miscellaneous Devices,SMTSO-832-4-ET,TH","6-October-2023_CIS_Export : ",CLS-1000454,US,Commercial
CA41896-019,"Miscellaneous Devices,SMTSO-832-4ET,TH,Custom","6-October-2023_CIS_Export : 21 - SPACE & DEFENSE GROUP, EAST AURORA OPERATIONS",CLS-1000454,US,Commercial
CA41896-021,"Miscellaneous Devices,YSMTSOB-28391-ES,TH","6-October-2023_CIS_Export : 04 - AIRCRAFT GROUP, TORRANCE / SEATTLE OPERATIONS",CLS-1000454,US,Commercial
CA41896-022,"Miscellaneous Devices,YQSMTSOB-28393-ES,TH","6-October-2023_CIS_Export : 02 - AIRCRAFT GROUP, EAST AURORA OPERATIONS",CLS-1000454,US,Commercial
CA41896-024,"Miscellaneous Devices,SMTSOB-116-2-ES,TH","6-October-2023_CIS_Export : 04 - AIRCRAFT GROUP, TORRANCE / SEATTLE OPERATIONS",CLS-1000454,US,Commercial
CA41896-026,"Miscellaneous Devices,SMTSO-256-8ET,TH","6-October-2023_CIS_Export : 21 - SPACE & DEFENSE GROUP, EAST AURORA OPERATIONS",CLS-1000454,US,Commercial
CA41896-027,"Miscellaneous Devices,SMTSO-256-8DT,TH","6-October-2023_CIS_Export : 02 - AIRCRAFT GROUP, EAST AURORA OPERATIONS",CLS-1000454,US,Commercial
CA41896-028,"Miscellaneous Devices,SMTSO-143-8DT,TH","6-October-2023_CIS_Export : 21 - SPACE & DEFENSE GROUP, EAST AURORA OPERATIONS",CLS-1000454,US,Commercial
CA41896-029,"Miscellaneous Devices,SMTSOB-116-8ES,TH","6-October-2023_CIS_Export : 21 - SPACE & DEFENSE GROUP, EAST AURORA OPERATIONS",CLS-1000454,US,Commercial
CA41896-030,"Miscellaneous Devices,SMTSO-143-12ES,TH","6-October-2023_CIS_Export : 21 - SPACE & DEFENSE GROUP, EAST AURORA OPERATIONS",CLS-1000454,US,Commercial
CA41896-031,"Miscellaneous Devices,SMTSOB-116-10ES,TH","6-October-2023_CIS_Export : 21 - SPACE & DEFENSE GROUP, EAST AURORA OPERATIONS",CLS-1000454,US,Commercial
CA41896-032,"Miscellaneous Devices,SMTSOB-440-2ES,TH","6-October-2023_CIS_Export : 21 - SPACE & DEFENSE GROUP, EAST AURORA OPERATIONS",CLS-1000454,US,Commercial
CA41896-033,"Miscellaneous Devices,SMTSOB-256-2ES,TH","6-October-2023_CIS_Export : 21 - SPACE & DEFENSE GROUP, EAST AURORA OPERATIONS",CLS-1000454,US,Commercial
CA41896-034,"Miscellaneous Devices,SMTSOB-116-11ES,TH","6-October-2023_CIS_Export : 21 - SPACE & DEFENSE GROUP, EAST AURORA OPERATIONS",CLS-1000454,US,Commercial
CA41896-035,"Miscellaneous Devices,SMTSOB-143-11ES,TH","6-October-2023_CIS_Export : 21 - SPACE & DEFENSE GROUP, EAST AURORA OPERATIONS",CLS-1000454,US,Commercial
CA41896-036,"Miscellaneous Devices,SMTSOB-143-16ES,TH","6-October-2023_CIS_Export : 21 - SPACE & DEFENSE GROUP, EAST AURORA OPERATIONS",CLS-1000454,US,Commercial
CA41896-037,"Miscellaneous Devices,SMTSOB-632-2ES,TH","6-October-2023_CIS_Export : ",CLS-1000454,US,Commercial
CA41896-042,"Miscellaneous Devices,SMTSOB-143-20ES,TH","6-October-2023_CIS_Export : ",CLS-1000454,US,Commercial
CA41896-043,"Miscellaneous Devices,SMTSOB-143-22ES,TH","6-October-2023_CIS_Export : ",CLS-1000454,US,Commercial
CA41896-044,"Miscellaneous Devices,SMTSOB-143-24ES,TH","6-October-2023_CIS_Export : ",CLS-1000454,US,Commercial
CA41896-045,"Miscellaneous Devices,SMTSOB-143-26ES,TH","6-October-2023_CIS_Export : ",CLS-1000454,US,Commercial
CA41896-048,"NO DWG,Miscellaneous Devices,SMTSOB-3.6-6ET,55A,SMD,SMTSOB","6-October-2023_CIS_Export : 21 - SPACE & DEFENSE GROUP, EAST AURORA OPERATIONS",CLS-1000454,US,Commercial
CA41896-049,"NO DWG,Miscellaneous Devices,SMTSOB-3.6-10ET,55A,SMD,SMTSOB","6-October-2023_CIS_Export : 21 - SPACE & DEFENSE GROUP, EAST AURORA OPERATIONS",CLS-1000454,US,Commercial
CA42068-001,"ICs,Converter/Conditioner,AD5424,SMD,TSSOP-16","6-October-2023_CIS_Export : ",CLS-1000452,US,Commercial
CA42088-001,"OBSOLETE,Diodes,Schottky,10MQ100N,2.1A,SMD,DO-214AC(SMA)","6-October-2023_CIS_Export : 02 - AIRCRAFT GROUP, EAST AURORA OPERATIONS",CLS-1000449,US,Commercial
CA42088-002,"Diodes,Schottky,10MQ100N,2.1A,SMD,DO-214AC(SMA)","6-October-2023_CIS_Export : 02 - AIRCRAFT GROUP, EAST AURORA OPERATIONS",CLS-1000449,US,Commercial
CA42129-001,"ICs,Op Amp,OP482,SMD,SO-14","6-October-2023_CIS_Export : ",CLS-1000452,US,Commercial
CA42129-002,"ICs,Op Amp,OP482GSZ,SMD,SOIC-14","6-October-2023_CIS_Export : 21 - SPACE & DEFENSE GROUP, EAST AURORA OPERATIONS",CLS-1000452,US,Commercial
CA42196-001,"NO DWG,ICs,Micro Device,MPC5200CVR400B,SMD,BGA","6-October-2023_CIS_Export : 20 - INTERNATIONAL GROUP, GMBH",CLS-1000452,US,Commercial
CA42317-001,"NO DWG,Diodes,Schottky,SS26,2A,SMD,DO-214AA","6-October-2023_CIS_Export : ",CLS-1000449,US,Commercial
CA42323-001,"OBSOLETE,ICs,Line Transceiver,MAX3076EASD,SMD,SO-14","6-October-2023_CIS_Export : 21 - SPACE & DEFENSE GROUP, EAST AURORA OPERATIONS",CLS-1000452,US,Commercial
CA42323-002,"ICs,Line Transceiver,MAX3076EASD+,SMD,SO-14","6-October-2023_CIS_Export : 21 - SPACE & DEFENSE GROUP, EAST AURORA OPERATIONS",CLS-1000452,US,Commercial
CA42323-004,"ICs,Line Transceiver,MAX3073EASD,SMD,SO-14","6-October-2023_CIS_Export : 21 - SPACE & DEFENSE GROUP, EAST AURORA OPERATIONS",CLS-1000452,US,Commercial
CA42323-005,"ICs,Line Transceiver,MAX3073EESD+,SMD,SO-14","6-October-2023_CIS_Export : 21 - SPACE & DEFENSE GROUP, EAST AURORA OPERATIONS",CLS-1000452,US,Commercial
CA42323-006,"ICs,Line Transceiver,MAX3073EASD+,SMD,SO-14","6-October-2023_CIS_Export : 21 - SPACE & DEFENSE GROUP, EAST AURORA OPERATIONS",CLS-1000452,US,Commercial
CA42327-001,"OBSOLETE,Diodes,BAV70WT1,0.2A,SMD,SOT-323","6-October-2023_CIS_Export : 21 - SYSTEMS GROUP, EAST AURORA OPERATIONS",CLS-1000449,US,Commercial
CA42329-001,"ICs,Op Amp,INA118,SMD,SOIC-8","6-October-2023_CIS_Export : ",CLS-1000452,US,Commercial
CA42345-001,"ICs,Analog Switch,SPST,ADG801,SMD,SOT23-6","6-October-2023_CIS_Export : ",CLS-1000452,US,Commercial
CA42349-001,"Inductor,1.5uH,30%,SMD","6-October-2023_CIS_Export : 21 - SYSTEMS GROUP, EAST AURORA OPERATIONS",CLS-1000453,US,Commercial
CA42349-007,"Inductor,12uH,20%,SMD,MSS1038","6-October-2023_CIS_Export : 21 - SYSTEMS GROUP, EAST AURORA OPERATIONS",CLS-1000453,US,Commercial
CA42349-018,"Inductor,100uH,20%,SMD","6-October-2023_CIS_Export : 21 - SYSTEMS GROUP, EAST AURORA OPERATIONS",CLS-1000453,US,Commercial
CA42349-023,"Inductor,270uH,10%,SMD","6-October-2023_CIS_Export : 21 - SYSTEMS GROUP, EAST AURORA OPERATIONS",CLS-1000453,US,Commercial
CA42349-102,"Inductor,2.5uH,30%,SMD","6-October-2023_CIS_Export : 21 - SYSTEMS GROUP, EAST AURORA OPERATIONS",CLS-1000453,US,Commercial
CA42349-118,"Inductor,100uH,20%,SMD","6-October-2023_CIS_Export : 21 - SYSTEMS GROUP, EAST AURORA OPERATIONS",CLS-1000453,US,Commercial
CA42611-014,"OBSOLETE,Inductor,47uH,1.16A,20%,SMD","6-October-2023_CIS_Export : 02 - AIRCRAFT GROUP, EAST AURORA OPERATIONS",CLS-1000453,US,Commercial
CA42611-016,"OBSOLETE,Inductor,68uH,1.05A,20%,SMD","6-October-2023_CIS_Export : 02 - AIRCRAFT GROUP, EAST AURORA OPERATIONS",CLS-1000453,US,Commercial
CA42611-020,"OBSOLETE,Inductor,150uH,0.70A,20%,SMD,SPD73","6-October-2023_CIS_Export : 21 - SYSTEMS GROUP, EAST AURORA OPERATIONS",CLS-1000453,US,Commercial
CA42611-114,"Inductor,47uH,1.16A,20%,SMD","6-October-2023_CIS_Export : 04 - AIRCRAFT GROUP, TORRANCE / SEATTLE OPERATIONS",CLS-1000453,US,Commercial
CA42611-116,"Inductor,68uH,1.05A,20%,SMD","6-October-2023_CIS_Export : 04 - AIRCRAFT GROUP, TORRANCE / SEATTLE OPERATIONS",CLS-1000453,US,Commercial
CA42611-120,"Inductor,150uH,0.51A,20%,SMD,SPD73","6-October-2023_CIS_Export : 21 - SPACE & DEFENSE GROUP, EAST AURORA OPERATIONS",CLS-1000453,US,Commercial
CA42611-123,"Inductor,270uH,0.53A,20%,SMD","6-October-2023_CIS_Export : 04 - AIRCRAFT GROUP, TORRANCE / SEATTLE OPERATIONS",CLS-1000453,US,Commercial
CA42611-206,"Inductor,10uH,2.5A,20%,SMD,SPD74R","6-October-2023_CIS_Export : 02 - AIRCRAFT GROUP, EAST AURORA OPERATIONS",CLS-1000453,US,Commercial
CA42611-211,"Inductor,27uH,1.7A,20%,SMD,SPD74R","6-October-2023_CIS_Export : 02 - AIRCRAFT GROUP, EAST AURORA OPERATIONS",CLS-1000453,US,Commercial
CA42611-214,"Inductor,47uH,1.3A,20%,SMD,SPD74R","6-October-2023_CIS_Export : 02 - AIRCRAFT GROUP, EAST AURORA OPERATIONS",CLS-1000453,US,Commercial
CA42611-216,"Inductor,68uH,1.05A,20%,SMD,SPD74R","6-October-2023_CIS_Export : 02 - AIRCRAFT GROUP, EAST AURORA OPERATIONS",CLS-1000453,US,Commercial
CA42611-219,"Inductor,120uH,0.84A,20%,SMD,SPD74R","6-October-2023_CIS_Export : 02 - AIRCRAFT GROUP, EAST AURORA OPERATIONS",CLS-1000453,US,Commercial
CA42611-222,"Inductor,220uH,0.6A,20%,SMD","6-October-2023_CIS_Export : 02 - AIRCRAFT GROUP, EAST AURORA OPERATIONS",CLS-1000453,US,Commercial
CA42675-003,"GmBH ONLY,Crystals and Oscillators,25MHz,+/-50ppm,SMD","6-October-2023_CIS_Export : 20 - INTERNATIONAL GROUP, GMBH",CLS-1000448,US,Commercial
CA42723-130,"F-35 ONLY,Diodes,Voltage Suppressor,SMAJ16CA,SMD,DO-214AC","6-October-2023_CIS_Export : ",CLS-1000449,US,Commercial
CA42723-134,"F-35 ONLY Diodes,Voltage Suppressor,SMAJ18CA,SMD,DO-214AC","6-October-2023_CIS_Export : 21 - SYSTEMS GROUP, EAST AURORA OPERATIONS",CLS-1000449,US,Commercial
CA42723-230,"F-35 ONLY,Diodes,Voltage Suppressor,SMAJ16A-E3/*,SMD,DO-214AC,Pb Free","6-October-2023_CIS_Export : ",CLS-1000449,US,Commercial
CA42800-001,"ICs,Line Driver,DS90LV011A,SMD,SOT23-5","6-October-2023_CIS_Export : ",CLS-1000452,US,Commercial
CA42800-002,"ICs,Line Driver,DS90LV011A,SMD,SOT23-5","6-October-2023_CIS_Export : 21 - SPACE & DEFENSE GROUP, EAST AURORA OPERATIONS",CLS-1000452,US,Commercial
CA42816-007,"Capacitors,4700pF,250V,5%,Polyester,1913","6-October-2023_CIS_Export : 06 - AIRCRAFT GROUP, SALT LAKE / WICHITA OPERATIONS",CLS-1000446,US,Commercial
CA42816-026,"Capacitors,4700pF,400V,5%,Polyester,1913","6-October-2023_CIS_Export : 06 - AIRCRAFT GROUP, SALT LAKE / WICHITA OPERATIONS",CLS-1000446,US,Commercial
CA42868-001,"F-35 ONLY, Resistors,200,0.1%,25ppm,0.125W,SMD,1206","6-October-2023_CIS_Export : 21 - SYSTEMS GROUP, EAST AURORA OPERATIONS",CLS-1000457,US,Commercial
CA42868-004,"F-35 ONLY, Resistors,1.02K,0.1%,25ppm,0.125W,SMD,1206","6-October-2023_CIS_Export : 21 - SYSTEMS GROUP, EAST AURORA OPERATIONS",CLS-1000457,US,Commercial
CA42868-009,"F-35 ONLY, Resistors,10.0K,0.1%,25ppm,0.125W,SMD,1206","6-October-2023_CIS_Export : 21 - SYSTEMS GROUP, EAST AURORA OPERATIONS",CLS-1000457,US,Commercial
CA42868-010,"F-35 ONLY, Resistors,12.7K,0.1%,25ppm,0.125W,SMD,1206","6-October-2023_CIS_Export : 21 - SYSTEMS GROUP, EAST AURORA OPERATIONS",CLS-1000457,US,Commercial
CA42868-011,"F-35 ONLY, Resistors,30.9K,0.1%,25ppm,0.125W,SMD,1206","6-October-2023_CIS_Export : 21 - SYSTEMS GROUP, EAST AURORA OPERATIONS",CLS-1000457,US,Commercial
CA42868-012,"F-35 ONLY, Resistors,3.88K,0.1%,25ppm,0.125W,SMD,1206","6-October-2023_CIS_Export : 21 - SYSTEMS GROUP, EAST AURORA OPERATIONS",CLS-1000457,US,Commercial
CA42868-013,"F-35 ONLY,Resistors,732,0.1%,25ppm,0.125W,SMD,1206","6-October-2023_CIS_Export : 21 - SYSTEMS GROUP, EAST AURORA OPERATIONS",CLS-1000457,US,Commercial
CA42868-014,"F-35 ONLY,Resistors,5.10K,0.1%,25ppm,0.125W,SMD,1206","6-October-2023_CIS_Export : 21 - SYSTEMS GROUP, EAST AURORA OPERATIONS",CLS-1000457,US,Commercial
CA42868-101,"F-35 ONLY,Resistors,124K,0.1%,25ppm,0.5W,SMD,2512","6-October-2023_CIS_Export : 21 - SYSTEMS GROUP, EAST AURORA OPERATIONS",CLS-1000457,US,Commercial
CA42868-102,"F-35 ONLY,Resistors,127K,0.1%,25ppm,0.5W,SMD,2512","6-October-2023_CIS_Export : 21 - SYSTEMS GROUP, EAST AURORA OPERATIONS",CLS-1000457,US,Commercial
CA42893-001,"Resistors,0.0,1%,100ppm,0.063W,SMD,0402","6-October-2023_CIS_Export : 06 - AIRCRAFT GROUP, SALT LAKE / WICHITA OPERATIONS",CLS-1000457,US,Commercial
CA42893-101,"Resistors,0.0,0.063W,SMD,0402","6-October-2023_CIS_Export : 21 - SPACE & DEFENSE GROUP, EAST AURORA OPERATIONS",CLS-1000457,US,Commercial
CA42953-002,"OBSOLETE,ICs,IXDN414,SMD,TO-263","6-October-2023_CIS_Export : 21 - SYSTEMS GROUP, EAST AURORA OPERATIONS",CLS-1000452,US,Commercial
CA42971-001,"ICs,Line Receiver,DS90LV012A,SMD,SOT23-5","6-October-2023_CIS_Export : 04 - AIRCRAFT GROUP, TORRANCE / SEATTLE OPERATIONS",CLS-1000452,US,Commercial
CA42971-002,"ICs,Line Receiver,DS90LV012A,SMD,SOT23-5","6-October-2023_CIS_Export : 02 - AIRCRAFT GROUP, EAST AURORA OPERATIONS",CLS-1000452,US,Commercial
CA42971-003,"ICs,Line Receiver,DS90LT012A,SMD,SOT23-5","6-October-2023_CIS_Export : 04 - AIRCRAFT GROUP, TORRANCE / SEATTLE OPERATIONS",CLS-1000452,US,Commercial
CA42971-004,"ICs,Line Receiver,DS90LT012A,SMD,SOT23-5","6-October-2023_CIS_Export : 02 - AIRCRAFT GROUP, EAST AURORA OPERATIONS",CLS-1000452,US,Commercial
CA43056-001,"GmBH ONLY,Connectors,Plug,Pin,0.025 IN,SMD,200","6-October-2023_CIS_Export : 20 - INTERNATIONAL GROUP, GMBH",CLS-1000447,US,Commercial
CA43132-001,"Filter,51uH,1.0A,30%,SMD","6-October-2023_CIS_Export : 20 - INTERNATIONAL GROUP, GMBH",CLS-1000453,US,Commercial
CA43132-002,"Filter,10uH,1.60A,30%,SMD,Custom","6-October-2023_CIS_Export : 20 - INTERNATIONAL GROUP, GMBH",CLS-1000453,US,Commercial
CA43133-001,"ICs,Digital Device,TPS2042B,SMD,SOIC-8","6-October-2023_CIS_Export : ",CLS-1000452,US,Commercial
CA43134-001,"ICs,Line Transceiver,MIC2551AYT,SMD,TSSOP-14","6-October-2023_CIS_Export : 20 - INTERNATIONAL GROUP, GMBH",CLS-1000452,US,Commercial
CA43134-002,"OBSOLETE,ICs,Line Transceiver,MAX3456,SMD,TSSOP-14","6-October-2023_CIS_Export : 20 - INTERNATIONAL GROUP, GMBH",CLS-1000452,US,Commercial
CA43146-001,"NO DWG,Diodes,Voltage Suppressor,LCDA05,17A@tp=8/20us,SMD,SO-8","6-October-2023_CIS_Export : ",CLS-1000449,US,Commercial
CA43185-001,"Crystals and Oscillators,LTC6906HS6,+/-50ppm,SMD","6-October-2023_CIS_Export : 04 - AIRCRAFT GROUP, TORRANCE / SEATTLE OPERATIONS",CLS-1000448,US,Commercial
CA43185-002,"Crystals and Oscillators,LTC6906HS6,+/-50ppm,SMD,TSOT23-6","6-October-2023_CIS_Export : 21 - SYSTEMS GROUP, EAST AURORA OPERATIONS",CLS-1000448,US,Commercial
CA43191-001,"Diodes,MMBD1203,0.2A,SMD,SOT-23","6-October-2023_CIS_Export : ",CLS-1000449,US,Commercial
CA43191-002,"Diodes,MMBD1204,0.2A,SMD,SOT-23","6-October-2023_CIS_Export : 02 - AIRCRAFT GROUP, EAST AURORA OPERATIONS",CLS-1000449,US,Commercial
CA43191-003,"Diodes,MMBD1205,0.2A,SMD,SOT23-3","6-October-2023_CIS_Export : 02 - AIRCRAFT GROUP, EAST AURORA OPERATIONS",CLS-1000449,US,Commercial
CA43191-004,"Diodes,MMBD1201,0.2A,SMD,SOT23-3","6-October-2023_CIS_Export : 21 - SPACE & DEFENSE GROUP, EAST AURORA OPERATIONS",CLS-1000449,US,Commercial
CA43200-005,"OBSOLETE,Choke,0.59mH,5.60A,35%,SMD,SMT","6-October-2023_CIS_Export : 02 - AIRCRAFT GROUP, EAST AURORA OPERATIONS",CLS-1000453,US,Commercial
CA43200-101,"Choke,0.47mH,SMD,SMT","6-October-2023_CIS_Export : 02 - AIRCRAFT GROUP, EAST AURORA OPERATIONS",CLS-1000453,US,Commercial
CA43200-105,"Choke,0.59mH,SMD,SMT","6-October-2023_CIS_Export : 04 - AIRCRAFT GROUP, TORRANCE / SEATTLE OPERATIONS",CLS-1000453,US,Commercial
CA43200-108,"Choke,1.32mH,3.3A,35%,SMD","6-October-2023_CIS_Export : 02 - AIRCRAFT GROUP, EAST AURORA OPERATIONS",CLS-1000453,US,Commercial
CA43201-001,"OBSOLETE,Transistors,MOSFET,Si2308DS,60V,2A@+25C(1.6A@+70C),1.25W@25C,SMD,SOT23-3","6-October-2023_CIS_Export : 21 - SYSTEMS GROUP, EAST AURORA OPERATIONS",CLS-1000461,US,Commercial
CA43233-101,"Transformers,5V,5V,1.5W,150KHz,SMD","6-October-2023_CIS_Export : 21 - SPACE & DEFENSE GROUP, EAST AURORA OPERATIONS",CLS-1000460,US,Commercial
CA43348-001,"NO DWG,Diodes,Schottky,TMMBAT42,0.2A,SMD,MINIMELF","6-October-2023_CIS_Export : 20 - INTERNATIONAL GROUP, GMBH",CLS-1000449,US,Commercial
CA43349-001,"OBSOLETE,ICs,Reference and Regulator,AD780,SMD,SO-8","6-October-2023_CIS_Export : ",CLS-1000452,US,Commercial
CA43352-001,"Inductor,1.8uH,2.35A,30%,SMD","6-October-2023_CIS_Export : ",CLS-1000453,US,Commercial
CA43363-001,"ICs,Line Transceiver,PCA82C251,TH,DIP-8","6-October-2023_CIS_Export : 20 - INTERNATIONAL GROUP, GMBH",CLS-1000452,US,Commercial
CA43364-001,"OBSOLETE,ICs,Digital Device,74HCT138,TH,DIP-16","6-October-2023_CIS_Export : ",CLS-1000452,US,Commercial
CA43366-001,"OBSOLETE,ICs,Digital Device,74HC4049,TH,DIP-16","6-October-2023_CIS_Export : 20 - INTERNATIONAL GROUP, GMBH",CLS-1000452,US,Commercial
CA43367-001,"OBSOLETE,ICs,Digital Device,74HC125,TH,DIP-14","6-October-2023_CIS_Export : 20 - INTERNATIONAL GROUP, GMBH",CLS-1000452,US,Commercial
CA43529-003,"Transformers,34627-3,14PIN","6-October-2023_CIS_Export : 02 - AIRCRAFT GROUP, EAST AURORA OPERATIONS",CLS-1000460,US,Commercial
CA43933-001,"OBSOLETE,Diodes,Rectifier,MD90FF18,0.5A@+55C,SMD,DO-215AA","6-October-2023_CIS_Export : 02 - AIRCRAFT GROUP, EAST AURORA OPERATIONS",CLS-1000449,US,Commercial
CA43933-002,"OBSOLETE,Diodes,Rectifier,MD90FF25,0.35A@+55C,SMD,DO-215BA","6-October-2023_CIS_Export : 02 - AIRCRAFT GROUP, EAST AURORA OPERATIONS",CLS-1000449,US,Commercial
CA44028-001,"ICs,Converter/Conditioner,TPS5430,SMD,SOIC-8","6-October-2023_CIS_Export : 21 - SPACE & DEFENSE GROUP, EAST AURORA OPERATIONS",CLS-1000452,US,Commercial
CA44029-001,"OBSOLETE,ICs,Converter/Conditioner,WP06R24D15N,TH,WP06R","6-October-2023_CIS_Export : 21 - SPACE & DEFENSE GROUP, EAST AURORA OPERATIONS",CLS-1000452,US,Commercial
CA44029-002,"OBSOLETE,ICs,Converter/Conditioner,WP06R24S15N,TH,WP06R","6-October-2023_CIS_Export : 21 - SPACE & DEFENSE GROUP, EAST AURORA OPERATIONS",CLS-1000452,US,Commercial
CA44074-001,"NO DWG,Connectors,Receptacle,Female/Socket,TH,USBA-4","6-October-2023_CIS_Export : 20 - INTERNATIONAL GROUP, GMBH",CLS-1000447,US,Commercial
CA44089-001,"NO DWG,ICs,Reference and Regulator,MC78M12,SMD,DPAK","6-October-2023_CIS_Export : 20 - INTERNATIONAL GROUP, GMBH",CLS-1000452,US,Commercial
CA44090-001,"NO DWG,ICs,Reference and Regulator,MC79M12,SMD,DPAK","6-October-2023_CIS_Export : 20 - INTERNATIONAL GROUP, GMBH",CLS-1000452,US,Commercial
CA44164-014,"Connectors,Pin,2.00 mm,14,RA,TH","6-October-2023_CIS_Export : 02 - AIRCRAFT GROUP, EAST AURORA OPERATIONS",CLS-1000447,US,Commercial
CA44227-001,"Diodes,Voltage Suppressor,SRV05-4,SMD,SOT-23 6L","6-October-2023_CIS_Export : ",CLS-1000449,US,Commercial
CA44227-002,"Diodes,Voltage Suppressor,SRV05-4A,SMD,SOT23-6","6-October-2023_CIS_Export : 04 - AIRCRAFT GROUP, TORRANCE / SEATTLE OPERATIONS",CLS-1000449,US,Commercial
CA44329-001,"OBSOLETE,ICs,Line Transceiver,USB1T11A,SMD,TSSOP-14","6-October-2023_CIS_Export : ",CLS-1000452,US,Commercial
CA44435-001,"NO DWG,Crystals and Oscillators,80.0MHz,+/-50ppm,SMD","6-October-2023_CIS_Export : 20 - INTERNATIONAL GROUP, GMBH",CLS-1000448,US,Commercial
CA44453-003,"Inductor,253uH,0.3A,2%,TH,Radial","6-October-2023_CIS_Export : 21 - SYSTEMS GROUP, EAST AURORA OPERATIONS",CLS-1000453,US,Commercial
CA44519-001,"Transistors,MOSFET,STW4N150,1500V@Vgs=0V,4A@25C(2.5A@100C),160W@25C,TH,TO-247","6-October-2023_CIS_Export : 21 - SYSTEMS GROUP, EAST AURORA OPERATIONS",CLS-1000461,US,Commercial
CA44596-001,"Capacitors,1pF,50V,0.25pF,C0G,SMD,0402","6-October-2023_CIS_Export : 05 - MOOG AG MITC, BANGALORE",CLS-1000446,US,Commercial
CA44596-002,"Capacitors,1.2pF,50V,0.25pF,C0G,SMD,0402","6-October-2023_CIS_Export : 21 - SPACE & DEFENSE GROUP, EAST AURORA OPERATIONS",CLS-1000446,US,Commercial
CA44596-003,"Capacitors,1.5pF,50V,0.25pF,C0G,SMD,0402","6-October-2023_CIS_Export : 21 - SPACE & DEFENSE GROUP, EAST AURORA OPERATIONS",CLS-1000446,US,Commercial
CA44596-005,"Capacitors,2.2pF,50V,0.25pF,C0G,SMD,0402","6-October-2023_CIS_Export : 21 - SPACE & DEFENSE GROUP, EAST AURORA OPERATIONS",CLS-1000446,US,Commercial
CA44596-007,"Capacitors,3.3pF,50V,0.25pF,C0G,SMD,0402","6-October-2023_CIS_Export : 21 - SPACE & DEFENSE GROUP, EAST AURORA OPERATIONS",CLS-1000446,US,Commercial
CA44596-009,"Capacitors,4.7pF,50V,0.25pF,C0G,SMD,0402","6-October-2023_CIS_Export : 21 - SPACE & DEFENSE GROUP, EAST AURORA OPERATIONS",CLS-1000446,US,Commercial
CA44596-010,"Capacitors,5.6pF,50V,0.25pF,C0G,SMD,0402","6-October-2023_CIS_Export : 21 - SPACE & DEFENSE GROUP, EAST AURORA OPERATIONS",CLS-1000446,US,Commercial
CA44596-012,"Capacitors,8.2pF,50V,0.25pF,C0G,SMD,0402","6-October-2023_CIS_Export : 21 - SPACE & DEFENSE GROUP, EAST AURORA OPERATIONS",CLS-1000446,US,Commercial
CA44596-013,"Capacitors,10pF,50V,5%,C0G,SMD,0402","6-October-2023_CIS_Export : 21 - SPACE & DEFENSE GROUP, EAST AURORA OPERATIONS",CLS-1000446,US,Commercial
CA44596-014,"Capacitors,12pF,50V,5%,C0G,SMD,0402","6-October-2023_CIS_Export : 21 - SPACE & DEFENSE GROUP, EAST AURORA OPERATIONS",CLS-1000446,US,Commercial
CA44596-015,"Capacitors,15pF,50V,5%,C0G,SMD,0402","6-October-2023_CIS_Export : 21 - SPACE & DEFENSE GROUP, EAST AURORA OPERATIONS",CLS-1000446,US,Commercial
CA44596-017,"Capacitors,22pF,50V,5%,C0G,SMD,0402","6-October-2023_CIS_Export : 21 - SPACE & DEFENSE GROUP, EAST AURORA OPERATIONS",CLS-1000446,US,Commercial
CA44596-018,"Capacitors,27pF,50V,5%,C0G,SMD,0402","6-October-2023_CIS_Export : 21 - SPACE & DEFENSE GROUP, EAST AURORA OPERATIONS",CLS-1000446,US,Commercial
CA44596-019,"Capacitors,33pF,50V,5%,C0G,SMD,0402","6-October-2023_CIS_Export : 21 - SPACE & DEFENSE GROUP, EAST AURORA OPERATIONS",CLS-1000446,US,Commercial
CA44596-020,"Capacitors,39pF,50V,5%,C0G,SMD,0402","6-October-2023_CIS_Export : 06 - AIRCRAFT GROUP, SALT LAKE / WICHITA OPERATIONS",CLS-1000446,US,Commercial
CA44596-021,"Capacitors,47pF,50V,5%,C0G,SMD,0402","6-October-2023_CIS_Export : 24 - SPACE & DEFENSE GROUP, QUICKSET",CLS-1000446,US,Commercial
CA44596-022,"Capacitors,56pF,50V,5%,C0G,SMD,0402","6-October-2023_CIS_Export : 21 - SPACE & DEFENSE GROUP, EAST AURORA OPERATIONS",CLS-1000446,US,Commercial
CA44596-023,"Capacitors,68pF,50V,5%,C0G,SMD,0402","6-October-2023_CIS_Export : 20 - INTERNATIONAL GROUP, GMBH",CLS-1000446,US,Commercial
CA44596-025,"Capacitors,100pF,50V,5%,C0G,SMD,0402","6-October-2023_CIS_Export : 20 - INTERNATIONAL GROUP, GMBH",CLS-1000446,US,Commercial
CA44596-027,"Capacitors,150pF,50V,5%,C0G,SMD,0402","6-October-2023_CIS_Export : 21 - SPACE & DEFENSE GROUP, EAST AURORA OPERATIONS",CLS-1000446,US,Commercial
CA44596-029,"Capacitors,220pF,50V,5%,C0G,SMD,0402","6-October-2023_CIS_Export : 21 - SPACE & DEFENSE GROUP, EAST AURORA OPERATIONS",CLS-1000446,US,Commercial
CA44596-030,"Capacitors,270pF,50V,5%,C0G,SMD,0402","6-October-2023_CIS_Export : 21 - SPACE & DEFENSE GROUP, EAST AURORA OPERATIONS",CLS-1000446,US,Commercial
CA44596-031,"Capacitors,330pF,50V,5%,C0G,SMD,0402","6-October-2023_CIS_Export : 21 - SPACE & DEFENSE GROUP, EAST AURORA OPERATIONS",CLS-1000446,US,Commercial
CA44596-032,"Capacitors,390pF,50V,5%,C0G,SMD,0402","6-October-2023_CIS_Export : 21 - SPACE & DEFENSE GROUP, EAST AURORA OPERATIONS",CLS-1000446,US,Commercial
CA44596-035,"Capacitors,680pF,50V,5%,C0G,SMD,0402","6-October-2023_CIS_Export : 24 - SPACE & DEFENSE GROUP, QUICKSET",CLS-1000446,US,Commercial
CA44596-037,"Capacitors,1000pF,50V,5%,C0G,SMD,0402","6-October-2023_CIS_Export : 04 - AIRCRAFT GROUP, TORRANCE / SEATTLE OPERATIONS",CLS-1000446,US,Commercial
CA44596-038,"Capacitors,1200pF,50V,5%,C0G,SMD,0402","6-October-2023_CIS_Export : 92 - CORPORATE GROUP, IRELAND",CLS-1000446,US,Commercial
CA44596-039,"Capacitors,1500pF,50V,5%,C0G,SMD,0402","6-October-2023_CIS_Export : 21 - SPACE & DEFENSE GROUP, EAST AURORA OPERATIONS",CLS-1000446,US,Commercial
CA44596-125,"Capacitors,100pF,50V,10%,X7R,SMD,0402","6-October-2023_CIS_Export : 21 - SPACE & DEFENSE GROUP, EAST AURORA OPERATIONS",CLS-1000446,US,Commercial
CA44596-129,"Capacitors,220pF,50V,10%,X7R,SMD,0402","6-October-2023_CIS_Export : 92 - CORPORATE GROUP, IRELAND",CLS-1000446,US,Commercial
CA44596-135,"Capacitors,560pF,50V,10%,X7R,SMD,0402","6-October-2023_CIS_Export : 04 - AIRCRAFT GROUP, TORRANCE / SEATTLE OPERATIONS",CLS-1000446,US,Commercial
CA44596-136,"Capacitors,680pF,50V,10%,X7R,SMD,0402","6-October-2023_CIS_Export : 92 - CORPORATE GROUP, IRELAND",CLS-1000446,US,Commercial
CA44596-138,"Capacitors,820pF,50V,10%,X7R,SMD,0402","6-October-2023_CIS_Export : 04 - AIRCRAFT GROUP, TORRANCE / SEATTLE OPERATIONS",CLS-1000446,US,Commercial
CA44596-139,"Capacitors,1000pF,50V,10%,X7R,0402","6-October-2023_CIS_Export : 20 - INTERNATIONAL GROUP, GMBH",CLS-1000446,US,Commercial
CA44596-140,"Capacitors,1200pF,50V,10%,X7R,SMD,0402","6-October-2023_CIS_Export : 04 - AIRCRAFT GROUP, TORRANCE / SEATTLE OPERATIONS",CLS-1000446,US,Commercial
CA44596-142,"Capacitors,1500pF,50V,10%,X7R,0402","6-October-2023_CIS_Export : 20 - INTERNATIONAL GROUP, GMBH",CLS-1000446,US,Commercial
CA44596-144,"Capacitors,2200pF,50V,10%,X7R,0402","6-October-2023_CIS_Export : 20 - INTERNATIONAL GROUP, GMBH",CLS-1000446,US,Commercial
CA44596-145,"Capacitors,2700pF,50V,10%,X7R,SMD,0402","6-October-2023_CIS_Export : 20 - INTERNATIONAL GROUP, GMBH",CLS-1000446,US,Commercial
CA44596-146,"Capacitors,3300pF,50V,10%,X7R,0402","6-October-2023_CIS_Export : 24 - SPACE & DEFENSE GROUP, QUICKSET",CLS-1000446,US,Commercial
CA44596-148,"Capacitors,3900pF,50V,10%,X7R,0402","6-October-2023_CIS_Export : 20 - INTERNATIONAL GROUP, GMBH",CLS-1000446,US,Commercial
CA44596-150,"Capacitors,4700pF,50V,10%,X7R,0402","6-October-2023_CIS_Export : 20 - INTERNATIONAL GROUP, GMBH",CLS-1000446,US,Commercial
CA44596-153,"Capacitors,6800pF,50V,10%,X7R,0402","6-October-2023_CIS_Export : 21 - SPACE & DEFENSE GROUP, EAST AURORA OPERATIONS",CLS-1000446,US,Commercial
CA44596-155,"Capacitors,8200pF,50V,10%,X7R,SMD,0402","6-October-2023_CIS_Export : 02 - AIRCRAFT GROUP, EAST AURORA OPERATIONS",CLS-1000446,US,Commercial
CA44596-156,"Capacitors,0.01uF,50V,10%,X7R,0402","6-October-2023_CIS_Export : 20 - INTERNATIONAL GROUP, GMBH",CLS-1000446,US,Commercial
CA44596-157,"Capacitors,0.012uF,50V,10%,X7R,SMD,0402","6-October-2023_CIS_Export : 02 - AIRCRAFT GROUP, EAST AURORA OPERATIONS",CLS-1000446,US,Commercial
CA44596-160,"Capacitors,0.022uF,50V,10%,X7R,0402","6-October-2023_CIS_Export : 02 - AIRCRAFT GROUP, EAST AURORA OPERATIONS",CLS-1000446,US,Commercial
CA44596-162,"Capacitors,0.047uF,50V,10%,X7R,SMD,0402","6-October-2023_CIS_Export : 02 - AIRCRAFT GROUP, EAST AURORA OPERATIONS",CLS-1000446,US,Commercial
CA44596-164,"Capacitors,0.1uF,50V,10%,X7R,SMD,0402","6-October-2023_CIS_Export : 21 - SPACE & DEFENSE GROUP, EAST AURORA OPERATIONS",CLS-1000446,US,Commercial
CA44596-256,"Capacitors,0.01uF,25V,10%,X7R,0402","6-October-2023_CIS_Export : 20 - INTERNATIONAL GROUP, GMBH",CLS-1000446,US,Commercial
CA44596-262,"Capacitors,0.033uF,25V,10%,X7R,0402","6-October-2023_CIS_Export : 24 - SPACE & DEFENSE GROUP, QUICKSET",CLS-1000446,US,Commercial
CA44596-264,"Capacitors,0.047uF,25V,10%,X7R,0402","6-October-2023_CIS_Export : 24 - SPACE & DEFENSE GROUP, QUICKSET",CLS-1000446,US,Commercial
CA44596-266,"Capacitors,0.1uF,25V,10%,X7R,SMD,0402","6-October-2023_CIS_Export : 24 - SPACE & DEFENSE GROUP, QUICKSET",CLS-1000446,US,Commercial
CA44596-267,"Capacitors,0.22uF,25V,10%,X7R,SMD,0402","6-October-2023_CIS_Export : 02 - AIRCRAFT GROUP, EAST AURORA OPERATIONS",CLS-1000446,US,Commercial
CA44596-367,"Capacitors,0.082uF,16V,10%,X7R,SMD,0402","6-October-2023_CIS_Export : 04 - AIRCRAFT GROUP, TORRANCE / SEATTLE OPERATIONS",CLS-1000446,US,Commercial
CA44596-368,"Capacitors,0.1uF,16V,10%,X7R,SMD,0402","6-October-2023_CIS_Export : 20 - INTERNATIONAL GROUP, GMBH",CLS-1000446,US,Commercial
CA44596-417,"Capacitors,22pF,25V,1%,C0G,0402","6-October-2023_CIS_Export : 20 - INTERNATIONAL GROUP, GMBH",CLS-1000446,US,Commercial
CA44596-419,"Capacitors,33pF,25V,1%,C0G,0402","6-October-2023_CIS_Export : 20 - INTERNATIONAL GROUP, GMBH",CLS-1000446,US,Commercial
CA44596-420,"Capacitors,39pF,25V,1%,C0G,0402","6-October-2023_CIS_Export : 20 - INTERNATIONAL GROUP, GMBH",CLS-1000446,US,Commercial
CA44596-425,"Capacitors,100pF,25V,1%,C0G,0402","6-October-2023_CIS_Export : 20 - INTERNATIONAL GROUP, GMBH",CLS-1000446,US,Commercial
CA44596-426,"Capacitors,120pF,25V,1%,C0G,SMD,0402","6-October-2023_CIS_Export : 02 - AIRCRAFT GROUP, EAST AURORA OPERATIONS",CLS-1000446,US,Commercial
CA44596-427,"Capacitors,150pF,25V,1%,C0G,0402","6-October-2023_CIS_Export : 20 - INTERNATIONAL GROUP, GMBH",CLS-1000446,US,Commercial
CA44596-429,"Capacitors,220pF,25V,1%,C0G,0402","6-October-2023_CIS_Export : 20 - INTERNATIONAL GROUP, GMBH",CLS-1000446,US,Commercial
CA44596-430,"Capacitors,270pF,25V,1%,C0G,0402","6-October-2023_CIS_Export : 20 - INTERNATIONAL GROUP, GMBH",CLS-1000446,US,Commercial
CA44596-433,"Capacitors,470pF,25V,1%,C0G,0402","6-October-2023_CIS_Export : 20 - INTERNATIONAL GROUP, GMBH",CLS-1000446,US,Commercial
CA44596-441,"Capacitors,2200pF,25V,1%,C0G,SMD,0402","6-October-2023_CIS_Export : 02 - AIRCRAFT GROUP, EAST AURORA OPERATIONS",CLS-1000446,US,Commercial
CA44597-006,"Capacitors,2.7pF,100V,0.25pF,C0G,0603","6-October-2023_CIS_Export : 06 - AIRCRAFT GROUP, SALT LAKE / WICHITA OPERATIONS",CLS-1000446,US,Commercial
CA44597-007,"Capacitors,3.3pF,100V,0.25pF,C0G,SMD,0603","6-October-2023_CIS_Export : 06 - AIRCRAFT GROUP, SALT LAKE / WICHITA OPERATIONS",CLS-1000446,US,Commercial
CA44597-008,"Capacitors,3.9pF,100V,0.25pF,C0G,SMD,0603","6-October-2023_CIS_Export : 06 - AIRCRAFT GROUP, SALT LAKE / WICHITA OPERATIONS",CLS-1000446,US,Commercial
CA44597-009,"Capacitors,4.7pF,100V,0.25pF,C0G,0603","6-October-2023_CIS_Export : 06 - AIRCRAFT GROUP, SALT LAKE / WICHITA OPERATIONS",CLS-1000446,US,Commercial
CA44597-010,"Capacitors,5.6pF,100V,0.25pF,C0G,0603","6-October-2023_CIS_Export : 06 - AIRCRAFT GROUP, SALT LAKE / WICHITA OPERATIONS",CLS-1000446,US,Commercial
CA44597-011,"Capacitors,6.8pF,100V,0.25pF,C0G,0603","6-October-2023_CIS_Export : 06 - AIRCRAFT GROUP, SALT LAKE / WICHITA OPERATIONS",CLS-1000446,US,Commercial
CA44597-012,"Capacitors,8.2pF,100V,0.25pF,C0G,SMD,0603","6-October-2023_CIS_Export : 21 - SPACE & DEFENSE GROUP, EAST AURORA OPERATIONS",CLS-1000446,US,Commercial
CA44597-013,"Capacitors,10pF,100V,5%,C0G,0603","6-October-2023_CIS_Export : 93 - AIRCRAFT GROUP, INDIA AIRCRAFT OPERATIONS",CLS-1000446,US,Commercial
CA44597-014,"Capacitors,12pF,100V,5%,C0G,0603","6-October-2023_CIS_Export : 04 - AIRCRAFT GROUP, TORRANCE / SEATTLE OPERATIONS",CLS-1000446,US,Commercial
CA44597-015,"Capacitors,15pF,100V,5%,C0G,0603","6-October-2023_CIS_Export : 24 - SPACE & DEFENSE GROUP, QUICKSET",CLS-1000446,US,Commercial
CA44597-017,"Capacitors,22pF,100V,5%,C0G,SMD,0603","6-October-2023_CIS_Export : 21 - SPACE & DEFENSE GROUP, EAST AURORA OPERATIONS",CLS-1000446,US,Commercial
CA44597-018,"Capacitors,27pF,100V,5%,C0G,SMD,0603","6-October-2023_CIS_Export : 04 - AIRCRAFT GROUP, TORRANCE / SEATTLE OPERATIONS",CLS-1000446,US,Commercial
CA44597-019,"Capacitors,33pF,100V,5%,C0G,0603","6-October-2023_CIS_Export : 04 - AIRCRAFT GROUP, TORRANCE / SEATTLE OPERATIONS",CLS-1000446,US,Commercial
CA44597-020,"Capacitors,39pF,100V,5%,C0G,0603","6-October-2023_CIS_Export : 06 - AIRCRAFT GROUP, SALT LAKE / WICHITA OPERATIONS",CLS-1000446,US,Commercial
CA44597-021,"Capacitors,47pF,100V,5%,C0G,SMD,0603","6-October-2023_CIS_Export : 04 - AIRCRAFT GROUP, TORRANCE / SEATTLE OPERATIONS",CLS-1000446,US,Commercial
CA44597-022,"Capacitors,56pF,100V,5%,C0G,SMD,0603","6-October-2023_CIS_Export : 21 - SPACE & DEFENSE GROUP, EAST AURORA OPERATIONS",CLS-1000446,US,Commercial
CA44597-025,"Capacitors,100pF,100V,5%,C0G,0603","6-October-2023_CIS_Export : 04 - AIRCRAFT GROUP, TORRANCE / SEATTLE OPERATIONS",CLS-1000446,US,Commercial
CA44597-026,"Capacitors,120pF,100V,5%,C0G,SMD,0603","6-October-2023_CIS_Export : 04 - AIRCRAFT GROUP, TORRANCE / SEATTLE OPERATIONS",CLS-1000446,US,Commercial
CA44597-027,"Capacitors,150pF,100V,5%,C0G,SMD,0603","6-October-2023_CIS_Export : 04 - AIRCRAFT GROUP, TORRANCE / SEATTLE OPERATIONS",CLS-1000446,US,Commercial
CA44597-028,"Capacitors,180pF,100V,5%,C0G,SMD,0603","6-October-2023_CIS_Export : 04 - AIRCRAFT GROUP, TORRANCE / SEATTLE OPERATIONS",CLS-1000446,US,Commercial
CA44597-029,"Capacitors,220pF,100V,5%,C0G,SMD,0603","6-October-2023_CIS_Export : 04 - AIRCRAFT GROUP, TORRANCE / SEATTLE OPERATIONS",CLS-1000446,US,Commercial
CA44597-031,"Capacitors,330pF,100V,5%,C0G,0603","6-October-2023_CIS_Export : 24 - SPACE & DEFENSE GROUP, QUICKSET",CLS-1000446,US,Commercial
CA44597-034,"Capacitors,470pF,100V,5%,C0G,SMD,0603","6-October-2023_CIS_Export : 21 - SPACE & DEFENSE GROUP, EAST AURORA OPERATIONS",CLS-1000446,US,Commercial
CA44597-035,"Capacitors,560pF,100V,5%,C0G,SMD,0603","6-October-2023_CIS_Export : 21 - SPACE & DEFENSE GROUP, EAST AURORA OPERATIONS",CLS-1000446,US,Commercial
CA44597-039,"Capacitors,1000pF,100V,5%,C0G,SMD,0603","6-October-2023_CIS_Export : 21 - SPACE & DEFENSE GROUP, EAST AURORA OPERATIONS",CLS-1000446,US,Commercial
CA44597-040,"Capacitors,1200pF,100V,5%,C0G,SMD,0603","6-October-2023_CIS_Export : 21 - SPACE & DEFENSE GROUP, EAST AURORA OPERATIONS",CLS-1000446,US,Commercial
CA44597-044,"Capacitors,2200pF,100V,5%,C0G,SMD,0603","6-October-2023_CIS_Export : 21 - SPACE & DEFENSE GROUP, EAST AURORA OPERATIONS",CLS-1000446,US,Commercial
CA44597-045,"Capacitors,2700pF,100V,5%,C0G,SMD,0603","6-October-2023_CIS_Export : 21 - SPACE & DEFENSE GROUP, EAST AURORA OPERATIONS",CLS-1000446,US,Commercial
CA44597-050,"Capacitors,4700pF,100V,5%,C0G,SMD,0603","6-October-2023_CIS_Export : 21 - SPACE & DEFENSE GROUP, EAST AURORA OPERATIONS",CLS-1000446,US,Commercial
CA44597-129,"Capacitors,220pF,100V,10%,X7R,0603","6-October-2023_CIS_Export : 93 - AIRCRAFT GROUP, INDIA AIRCRAFT OPERATIONS",CLS-1000446,US,Commercial
CA44597-130,"Capacitors,270pF,100V,10%,X7R,0603","6-October-2023_CIS_Export : 04 - AIRCRAFT GROUP, TORRANCE / SEATTLE OPERATIONS",CLS-1000446,US,Commercial
CA44597-131,"Capacitors,330pF,100V,10%,X7R,SMD,0603","6-October-2023_CIS_Export : 21 - SPACE & DEFENSE GROUP, EAST AURORA OPERATIONS",CLS-1000446,US,Commercial
CA44597-133,"Capacitors,390pF,100V,10%,X7R,SMD,0603","6-October-2023_CIS_Export : 04 - AIRCRAFT GROUP, TORRANCE / SEATTLE OPERATIONS",CLS-1000446,US,Commercial
CA44597-134,"Capacitors,470pF,100V,10%,X7R,0603","6-October-2023_CIS_Export : 04 - AIRCRAFT GROUP, TORRANCE / SEATTLE OPERATIONS",CLS-1000446,US,Commercial
CA44597-136,"Capacitors,680pF,100V,10%,X7R,SMD,0603","6-October-2023_CIS_Export : 04 - AIRCRAFT GROUP, TORRANCE / SEATTLE OPERATIONS",CLS-1000446,US,Commercial
CA44597-139,"Capacitors,1000pF,100V,10%,X7R,0603","6-October-2023_CIS_Export : 04 - AIRCRAFT GROUP, TORRANCE / SEATTLE OPERATIONS",CLS-1000446,US,Commercial
CA44597-142,"Capacitors,1500pF,100V,10%,X7R,SMD,0603","6-October-2023_CIS_Export : 04 - AIRCRAFT GROUP, TORRANCE / SEATTLE OPERATIONS",CLS-1000446,US,Commercial
CA44597-144,"Capacitors,2200pF,100V,10%,X7R,0603","6-October-2023_CIS_Export : 06 - AIRCRAFT GROUP, SALT LAKE / WICHITA OPERATIONS",CLS-1000446,US,Commercial
CA44597-145,"Capacitors,2700pF,100V,10%,X7R,SMD,0603","6-October-2023_CIS_Export : 04 - AIRCRAFT GROUP, TORRANCE / SEATTLE OPERATIONS",CLS-1000446,US,Commercial
CA44597-146,"Capacitors,3300pF,100V,10%,X7R,0603","6-October-2023_CIS_Export : 04 - AIRCRAFT GROUP, TORRANCE / SEATTLE OPERATIONS",CLS-1000446,US,Commercial
CA44597-148,"Capacitors,3900pF,100V,10%,X7R,SMD,0603","6-October-2023_CIS_Export : 04 - AIRCRAFT GROUP, TORRANCE / SEATTLE OPERATIONS",CLS-1000446,US,Commercial
CA44597-150,"Capacitors,4700pF,100V,10%,X7R,0603","6-October-2023_CIS_Export : 04 - AIRCRAFT GROUP, TORRANCE / SEATTLE OPERATIONS",CLS-1000446,US,Commercial
CA44597-152,"Capacitors,5600pF,100V,10%,X7R,SMD,0603","6-October-2023_CIS_Export : 04 - AIRCRAFT GROUP, TORRANCE / SEATTLE OPERATIONS",CLS-1000446,US,Commercial
CA44597-153,"Capacitors,6800pF,100V,10%,X7R,0603","6-October-2023_CIS_Export : 04 - AIRCRAFT GROUP, TORRANCE / SEATTLE OPERATIONS",CLS-1000446,US,Commercial
CA44597-155,"Capacitors,8200pF,100V,10%,X7R,0603","6-October-2023_CIS_Export : 93 - AIRCRAFT GROUP, INDIA AIRCRAFT OPERATIONS",CLS-1000446,US,Commercial
CA44597-156,"Capacitors,0.01uF,100V,10%,X7R,0603","6-October-2023_CIS_Export : 80 - FCS, AMSTERDAM",CLS-1000446,US,Commercial
CA44597-157,"Capacitors,0.012uF,100V,10%,X7R,SMD,0603","6-October-2023_CIS_Export : 04 - AIRCRAFT GROUP, TORRANCE / SEATTLE OPERATIONS",CLS-1000446,US,Commercial
CA44597-159,"Capacitors,0.018uF,100V,10%,X7R,SMD,0603","6-October-2023_CIS_Export : 04 - AIRCRAFT GROUP, TORRANCE / SEATTLE OPERATIONS",CLS-1000446,US,Commercial
CA44597-160,"Capacitors,0.022uF,100V,10%,X7R,0603","6-October-2023_CIS_Export : 04 - AIRCRAFT GROUP, TORRANCE / SEATTLE OPERATIONS",CLS-1000446,US,Commercial
CA44597-161,"Capacitors,0.027uF,100V,10%,X7R,0603","6-October-2023_CIS_Export : 04 - AIRCRAFT GROUP, TORRANCE / SEATTLE OPERATIONS",CLS-1000446,US,Commercial
CA44597-162,"Capacitors,0.033uF,100V,10%,X7R,0603","6-October-2023_CIS_Export : 04 - AIRCRAFT GROUP, TORRANCE / SEATTLE OPERATIONS",CLS-1000446,US,Commercial
CA44597-163,"Capacitors,0.039uF,100V,10%,X7R,0603","6-October-2023_CIS_Export : 04 - AIRCRAFT GROUP, TORRANCE / SEATTLE OPERATIONS",CLS-1000446,US,Commercial
CA44597-164,"Capacitors,0.047uF,100V,10%,X7R,0603","6-October-2023_CIS_Export : 92 - CORPORATE GROUP, IRELAND",CLS-1000446,US,Commercial
CA44597-168,"Capacitors,0.1uF,100V,10%,X7R,SMD,0603","6-October-2023_CIS_Export : 21 - SPACE & DEFENSE GROUP, EAST AURORA OPERATIONS",CLS-1000446,US,Commercial
CA44597-206,"Capacitors,2.7pF,100V,0.1pF,C0G,0603","6-October-2023_CIS_Export : 06 - AIRCRAFT GROUP, SALT LAKE / WICHITA OPERATIONS",CLS-1000446,US,Commercial
CA44597-207,"Capacitors,3.3pF,100V,0.1pF,C0G,SMD,0603","6-October-2023_CIS_Export : 06 - AIRCRAFT GROUP, SALT LAKE / WICHITA OPERATIONS",CLS-1000446,US,Commercial
CA44597-209,"Capacitors,4.7pF,100V,0.1pF,C0G,0603","6-October-2023_CIS_Export : 06 - AIRCRAFT GROUP, SALT LAKE / WICHITA OPERATIONS",CLS-1000446,US,Commercial
CA44597-210,"Capacitors,5.6pF,100V,0.1pF,C0G,0603","6-October-2023_CIS_Export : 06 - AIRCRAFT GROUP, SALT LAKE / WICHITA OPERATIONS",CLS-1000446,US,Commercial
CA44597-211,"Capacitors,6.8pF,100V,0.1pF,C0G,0603","6-October-2023_CIS_Export : 06 - AIRCRAFT GROUP, SALT LAKE / WICHITA OPERATIONS",CLS-1000446,US,Commercial
CA44597-215,"Capacitors,15pF,100V,1%,C0G,SMD,0603","6-October-2023_CIS_Export : 04 - AIRCRAFT GROUP, TORRANCE / SEATTLE OPERATIONS",CLS-1000446,US,Commercial
CA44597-218,"Capacitors,27pF,100V,1%,C0G,SMD,0603","6-October-2023_CIS_Export : 04 - AIRCRAFT GROUP, TORRANCE / SEATTLE OPERATIONS",CLS-1000446,US,Commercial
CA44597-219,"Capacitors,33pF,100V,1%,C0G,SMD,0603","6-October-2023_CIS_Export : 21 - SPACE & DEFENSE GROUP, EAST AURORA OPERATIONS",CLS-1000446,US,Commercial
CA44597-224,"Capacitors,82pF,100V,1%,C0G,SMD,0603","6-October-2023_CIS_Export : 21 - SPACE & DEFENSE GROUP, EAST AURORA OPERATIONS",CLS-1000446,US,Commercial
CA44597-225,"Capacitors,100pF,100V,1%,C0G,SMD,0603","6-October-2023_CIS_Export : 21 - SPACE & DEFENSE GROUP, EAST AURORA OPERATIONS",CLS-1000446,US,Commercial
CA44597-228,"Capacitors,180pF,100V,1%,C0G,0603","6-October-2023_CIS_Export : 04 - AIRCRAFT GROUP, TORRANCE / SEATTLE OPERATIONS",CLS-1000446,US,Commercial
CA44597-229,"Capacitors,220pF,100V,1%,C0G,SMD,0603","6-October-2023_CIS_Export : 04 - AIRCRAFT GROUP, TORRANCE / SEATTLE OPERATIONS",CLS-1000446,US,Commercial
CA44597-230,"Capacitors,270pF,100V,1%,C0G,SMD,0603","6-October-2023_CIS_Export : 04 - AIRCRAFT GROUP, TORRANCE / SEATTLE OPERATIONS",CLS-1000446,US,Commercial
CA44597-231,"Capacitors,330pF,100V,1%,C0G,0603","6-October-2023_CIS_Export : 04 - AIRCRAFT GROUP, TORRANCE / SEATTLE OPERATIONS",CLS-1000446,US,Commercial
CA44597-239,"Capacitors,1000pF,100V,1%,C0G,SMD,0603","6-October-2023_CIS_Export : 21 - SPACE & DEFENSE GROUP, EAST AURORA OPERATIONS",CLS-1000446,US,Commercial
CA44597-243,"Capacitors,1500pF,100V,1%,C0G,SMD,0603","6-October-2023_CIS_Export : 21 - SPACE & DEFENSE GROUP, EAST AURORA OPERATIONS",CLS-1000446,US,Commercial
CA44597-253,"Capacitors,3900pF,100V,1%,C0G,SMD,0603","6-October-2023_CIS_Export : 21 - SPACE & DEFENSE GROUP, EAST AURORA OPERATIONS",CLS-1000446,US,Commercial
CA44597-313,"Capacitors,10pF,50V,1%,C0G,0603","6-October-2023_CIS_Export : 24 - SPACE & DEFENSE GROUP, QUICKSET",CLS-1000446,US,Commercial
CA44597-316,"Capacitors,18pF,50V,1%,C0G,0603","6-October-2023_CIS_Export : 24 - SPACE & DEFENSE GROUP, QUICKSET",CLS-1000446,US,Commercial
CA44597-321,"Capacitors,47pF,50V,1%,C0G,0603","6-October-2023_CIS_Export : 24 - SPACE & DEFENSE GROUP, QUICKSET",CLS-1000446,US,Commercial
CA44597-325,"Capacitors,100pF,50V,1%,C0G,0603","6-October-2023_CIS_Export : 24 - SPACE & DEFENSE GROUP, QUICKSET",CLS-1000446,US,Commercial
CA44597-326,"Capacitors,120pF,50V,1%,C0G,0603","6-October-2023_CIS_Export : 24 - SPACE & DEFENSE GROUP, QUICKSET",CLS-1000446,US,Commercial
CA44597-331,"Capacitors,330pF,50V,1%,C0G,SMD,0603","6-October-2023_CIS_Export : 21 - SPACE & DEFENSE GROUP, EAST AURORA OPERATIONS",CLS-1000446,US,Commercial
CA44597-334,"Capacitors,470pF,50V,1%,C0G,SMD,0603","6-October-2023_CIS_Export : 21 - SPACE & DEFENSE GROUP, EAST AURORA OPERATIONS",CLS-1000446,US,Commercial
CA44597-336,"Capacitors,680pF,50V,1%,C0G,0603","6-October-2023_CIS_Export : 21 - SPACE & DEFENSE GROUP, EAST AURORA OPERATIONS",CLS-1000446,US,Commercial
CA44597-338,"Capacitors,820pF,50V,1%,C0G,SMD,0603","6-October-2023_CIS_Export : 21 - SPACE & DEFENSE GROUP, EAST AURORA OPERATIONS",CLS-1000446,US,Commercial
CA44597-339,"Capacitors,1000pF,50V,1%,C0G,0603","6-October-2023_CIS_Export : 20 - INTERNATIONAL GROUP, GMBH",CLS-1000446,US,Commercial
CA44597-341,"Capacitors,1200pF,50V,1%,C0G,SMD,0603","6-October-2023_CIS_Export : 21 - SPACE & DEFENSE GROUP, EAST AURORA OPERATIONS",CLS-1000446,US,Commercial
CA44597-342,"Capacitors,1300pF,50V,1%,C0G,SMD,0603","6-October-2023_CIS_Export : 04 - AIRCRAFT GROUP, TORRANCE / SEATTLE OPERATIONS",CLS-1000446,US,Commercial
CA44597-347,"Capacitors,2200pF,50V,1%,C0G,SMD,0603","6-October-2023_CIS_Export : 21 - SPACE & DEFENSE GROUP, EAST AURORA OPERATIONS",CLS-1000446,US,Commercial
CA44597-351,"Capacitors,3300pF,50V,1%,C0G,SMD,0603","6-October-2023_CIS_Export : 21 - SPACE & DEFENSE GROUP, EAST AURORA OPERATIONS",CLS-1000446,US,Commercial
CA44597-357,"Capacitors,5600pF,50V,1%,C0G,SMD,0603","6-October-2023_CIS_Export : 21 - SPACE & DEFENSE GROUP, EAST AURORA OPERATIONS",CLS-1000446,US,Commercial
CA44597-359,"Capacitors,6800pF,50V,1%,C0G,SMD,0603","6-October-2023_CIS_Export : 21 - SPACE & DEFENSE GROUP, EAST AURORA OPERATIONS",CLS-1000446,US,Commercial
CA44597-429,"Capacitors,220pF,50V,10%,X7R,SMD,0603","6-October-2023_CIS_Export : 05 - MOOG AG MITC, BANGALORE",CLS-1000446,US,Commercial
CA44597-430,"Capacitors,270pF,50V,10%,X7R,SMD,0603","6-October-2023_CIS_Export : 05 - MOOG AG MITC, BANGALORE",CLS-1000446,US,Commercial
CA44597-434,"Capacitors,470pF,50V,10%,X7R,0603","6-October-2023_CIS_Export : 24 - SPACE & DEFENSE GROUP, QUICKSET",CLS-1000446,US,Commercial
CA44597-438,"Capacitors,820pF,50V,10%,X7R,0603","6-October-2023_CIS_Export : 04 - AIRCRAFT GROUP, TORRANCE / SEATTLE OPERATIONS",CLS-1000446,US,Commercial
CA44597-439,"Capacitors,1000pF,50V,10%,X7R,SMD,0603","6-October-2023_CIS_Export : 04 - AIRCRAFT GROUP, TORRANCE / SEATTLE OPERATIONS",CLS-1000446,US,Commercial
CA44597-440,"Capacitors,1200pF,50V,10%,X7R,0603","6-October-2023_CIS_Export : 04 - AIRCRAFT GROUP, TORRANCE / SEATTLE OPERATIONS",CLS-1000446,US,Commercial
CA44597-444,"Capacitors,2200pF,50V,10%,X7R,0603","6-October-2023_CIS_Export : 04 - AIRCRAFT GROUP, TORRANCE / SEATTLE OPERATIONS",CLS-1000446,US,Commercial
CA44597-450,"Capacitors,4700pF,50V,10%,X7R,0603","6-October-2023_CIS_Export : 04 - AIRCRAFT GROUP, TORRANCE / SEATTLE OPERATIONS",CLS-1000446,US,Commercial
CA44597-456,"Capacitors,0.010uF,50V,10%,X7R,0603","6-October-2023_CIS_Export : 21 - SPACE & DEFENSE GROUP, EAST AURORA OPERATIONS",CLS-1000446,US,Commercial
CA44597-458,"Capacitors,0.015uF,50V,10%,X7R,0603","6-October-2023_CIS_Export : 20 - INTERNATIONAL GROUP, GMBH",CLS-1000446,US,Commercial
CA44597-459,"Capacitors,0.018uF,50V,10%,X7R,0603","6-October-2023_CIS_Export : 80 - FCS, AMSTERDAM",CLS-1000446,US,Commercial
CA44597-460,"Capacitors,0.022uF,50V,10%,X7R,0603","6-October-2023_CIS_Export : 21 - SPACE & DEFENSE GROUP, EAST AURORA OPERATIONS",CLS-1000446,US,Commercial
CA44597-462,"Capacitors,0.033uF,50V,10%,X7R,0603","6-October-2023_CIS_Export : 24 - SPACE & DEFENSE GROUP, QUICKSET",CLS-1000446,US,Commercial
CA44597-463,"Capacitors,0.039uF,50V,10%,X7R,SMD,0603","6-October-2023_CIS_Export : 04 - AIRCRAFT GROUP, TORRANCE / SEATTLE OPERATIONS",CLS-1000446,US,Commercial
CA44597-464,"Capacitors,0.047uF,50V,10%,X7R,0603","6-October-2023_CIS_Export : 92 - CORPORATE GROUP, IRELAND",CLS-1000446,US,Commercial
CA44597-466,"Capacitors,0.068uF,50V,10%,X7R,SMD,0603","6-October-2023_CIS_Export : 04 - AIRCRAFT GROUP, TORRANCE / SEATTLE OPERATIONS",CLS-1000446,US,Commercial
CA44597-468,"Capacitors,0.1uF,50V,10%,X7R,0603","6-October-2023_CIS_Export : 21 - SPACE & DEFENSE GROUP, EAST AURORA OPERATIONS",CLS-1000446,US,Commercial
CA44597-469,"Capacitors,0.12uF,50V,10%,X7R,0603","6-October-2023_CIS_Export : 21 - SPACE & DEFENSE GROUP, EAST AURORA OPERATIONS",CLS-1000446,US,Commercial
CA44597-470,"Capacitors,0.15uF,50V,10%,X7R,0603","6-October-2023_CIS_Export : 80 - FCS, AMSTERDAM",CLS-1000446,US,Commercial
CA44597-473,"Capacitors,0.47uF,50V,10%,X7R,SMD,0603","6-October-2023_CIS_Export : 04 - AIRCRAFT GROUP, TORRANCE / SEATTLE OPERATIONS",CLS-1000446,US,Commercial
CA44597-475,"Capacitors,1uF,50V,10%,X7R,SMD,0603","6-October-2023_CIS_Export : 04 - AIRCRAFT GROUP, TORRANCE / SEATTLE OPERATIONS",CLS-1000446,US,Commercial
CA44597-572,"Capacitors,0.22uF,16V,10%,X7R,0603","6-October-2023_CIS_Export : 92 - CORPORATE GROUP, IRELAND",CLS-1000446,US,Commercial
CA44597-574,"Capacitors,0.33uF,16V,10%,X7R,0603","6-October-2023_CIS_Export : 92 - CORPORATE GROUP, IRELAND",CLS-1000446,US,Commercial
CA44597-576,"Capacitors,0.47uF,16V,10%,X7R,SMD,0603","6-October-2023_CIS_Export : 92 - CORPORATE GROUP, IRELAND",CLS-1000446,US,Commercial
CA44597-580,"Capacitors,1uF,16V,10%,X7R,0603","6-October-2023_CIS_Export : 80 - FCS, AMSTERDAM",CLS-1000446,US,Commercial
CA44597-584,"Capacitors,2.2uF,16V,10%,X7R,SMD,0603","6-October-2023_CIS_Export : 04 - AIRCRAFT GROUP, TORRANCE / SEATTLE OPERATIONS",CLS-1000446,US,Commercial
CA44597-672,"Capacitors,0.22uF,25V,10%,X7R,0603","6-October-2023_CIS_Export : 92 - CORPORATE GROUP, IRELAND",CLS-1000446,US,Commercial
CA44597-680,"Capacitors,1uF,25V,10%,X7R,SMD,0603","6-October-2023_CIS_Export : 04 - AIRCRAFT GROUP, TORRANCE / SEATTLE OPERATIONS",CLS-1000446,US,Commercial
CA44598-001,"Capacitors,1pF,100V,0.25pF,C0G,SMD,0805","6-October-2023_CIS_Export : 92 - CORPORATE GROUP, IRELAND",CLS-1000446,US,Commercial
CA44598-013,"Capacitors,10pF,100V,5%,C0G,0805","6-October-2023_CIS_Export : 04 - AIRCRAFT GROUP, TORRANCE / SEATTLE OPERATIONS",CLS-1000446,US,Commercial
CA44598-017,"Capacitors,22pF,100V,5%,C0G,0805","6-October-2023_CIS_Export : 04 - AIRCRAFT GROUP, TORRANCE / SEATTLE OPERATIONS",CLS-1000446,US,Commercial
CA44598-020,"Capacitors,39pF,100V,5%,C0G,0805","6-October-2023_CIS_Export : 06 - AIRCRAFT GROUP, SALT LAKE / WICHITA OPERATIONS",CLS-1000446,US,Commercial
CA44598-022,"Capacitors,56pF,100V,5%,C0G,SMD,0805","6-October-2023_CIS_Export : 02 - AIRCRAFT GROUP, EAST AURORA OPERATIONS",CLS-1000446,US,Commercial
CA44598-025,"Capacitors,100pF,100V,5%,C0G,0805","6-October-2023_CIS_Export : 04 - AIRCRAFT GROUP, TORRANCE / SEATTLE OPERATIONS",CLS-1000446,US,Commercial
CA44598-029,"Capacitors,220pF,100V,5%,C0G,SMD,0805","6-October-2023_CIS_Export : 04 - AIRCRAFT GROUP, TORRANCE / SEATTLE OPERATIONS",CLS-1000446,US,Commercial
CA44598-031,"Capacitors,330pF,100V,5%,C0G,0805","6-October-2023_CIS_Export : 04 - AIRCRAFT GROUP, TORRANCE / SEATTLE OPERATIONS",CLS-1000446,US,Commercial
CA44598-034,"Capacitors,470pF,100V,5%,C0G,SMD,0805","6-October-2023_CIS_Export : 21 - SPACE & DEFENSE GROUP, EAST AURORA OPERATIONS",CLS-1000446,US,Commercial
CA44598-036,"Capacitors,680pF,100V,5%,C0G,0805","6-October-2023_CIS_Export : 04 - AIRCRAFT GROUP, TORRANCE / SEATTLE OPERATIONS",CLS-1000446,US,Commercial
